location_id,location_name,parameter,value,unit,datetimeUtc,datetimeLocal,timezone,latitude,longitude,country_iso,isMobile,isMonitor,owner_name,provider
6973,"Jayanagar 5th Block, Bengaluru - KSPCB","pm10",100,"µg/m³","2026-03-01T00:15:00Z","2026-03-01T05:45:00+05:30","Asia/Kolkata",12.920984,77.584908,,,,"Karnataka State Pollution Control Board","CPCB"
6973,"Jayanagar 5th Block, Bengaluru - KSPCB","pm10",100,"µg/m³","2026-03-01T00:30:00Z","2026-03-01T06:00:00+05:30","Asia/Kolkata",12.920984,77.584908,,,,"Karnataka State Pollution Control Board","CPCB"
6973,"Jayanagar 5th Block, Bengaluru - KSPCB","pm10",100,"µg/m³","2026-03-01T00:45:00Z","2026-03-01T06:15:00+05:30","Asia/Kolkata",12.920984,77.584908,,,,"Karnataka State Pollution Control Board","CPCB"
6973,"Jayanagar 5th Block, Bengaluru - KSPCB","pm10",100,"µg/m³","2026-03-01T01:00:00Z","2026-03-01T06:30:00+05:30","Asia/Kolkata",12.920984,77.584908,,,,"Karnataka State Pollution Control Board","CPCB"
6973,"Jayanagar 5th Block, Bengaluru - KSPCB","pm10",140,"µg/m³","2026-03-01T01:15:00Z","2026-03-01T06:45:00+05:30","Asia/Kolkata",12.920984,77.584908,,,,"Karnataka State Pollution Control Board","CPCB"
6973,"Jayanagar 5th Block, Bengaluru - KSPCB","pm10",140,"µg/m³","2026-03-01T01:30:00Z","2026-03-01T07:00:00+05:30","Asia/Kolkata",12.920984,77.584908,,,,"Karnataka State Pollution Control Board","CPCB"
6973,"Jayanagar 5th Block, Bengaluru - KSPCB","pm10",140,"µg/m³","2026-03-01T01:45:00Z","2026-03-01T07:15:00+05:30","Asia/Kolkata",12.920984,77.584908,,,,"Karnataka State Pollution Control Board","CPCB"
6973,"Jayanagar 5th Block, Bengaluru - KSPCB","pm10",140,"µg/m³","2026-03-01T02:00:00Z","2026-03-01T07:30:00+05:30","Asia/Kolkata",12.920984,77.584908,,,,"Karnataka State Pollution Control Board","CPCB"
6973,"Jayanagar 5th Block, Bengaluru - KSPCB","pm10",192,"µg/m³","2026-03-01T02:15:00Z","2026-03-01T07:45:00+05:30","Asia/Kolkata",12.920984,77.584908,,,,"Karnataka State Pollution Control Board","CPCB"
6973,"Jayanagar 5th Block, Bengaluru - KSPCB","pm10",192,"µg/m³","2026-03-01T02:30:00Z","2026-03-01T08:00:00+05:30","Asia/Kolkata",12.920984,77.584908,,,,"Karnataka State Pollution Control Board","CPCB"
6973,"Jayanagar 5th Block, Bengaluru - KSPCB","pm10",192,"µg/m³","2026-03-01T02:45:00Z","2026-03-01T08:15:00+05:30","Asia/Kolkata",12.920984,77.584908,,,,"Karnataka State Pollution Control Board","CPCB"
6973,"Jayanagar 5th Block, Bengaluru - KSPCB","pm10",192,"µg/m³","2026-03-01T03:00:00Z","2026-03-01T08:30:00+05:30","Asia/Kolkata",12.920984,77.584908,,,,"Karnataka State Pollution Control Board","CPCB"
6973,"Jayanagar 5th Block, Bengaluru - KSPCB","pm10",130,"µg/m³","2026-03-01T03:30:00Z","2026-03-01T09:00:00+05:30","Asia/Kolkata",12.920984,77.584908,,,,"Karnataka State Pollution Control Board","CPCB"
6973,"Jayanagar 5th Block, Bengaluru - KSPCB","pm10",130,"µg/m³","2026-03-01T03:45:00Z","2026-03-01T09:15:00+05:30","Asia/Kolkata",12.920984,77.584908,,,,"Karnataka State Pollution Control Board","CPCB"
6973,"Jayanagar 5th Block, Bengaluru - KSPCB","pm10",130,"µg/m³","2026-03-01T04:00:00Z","2026-03-01T09:30:00+05:30","Asia/Kolkata",12.920984,77.584908,,,,"Karnataka State Pollution Control Board","CPCB"
6973,"Jayanagar 5th Block, Bengaluru - KSPCB","pm10",136,"µg/m³","2026-03-01T04:15:00Z","2026-03-01T09:45:00+05:30","Asia/Kolkata",12.920984,77.584908,,,,"Karnataka State Pollution Control Board","CPCB"
6973,"Jayanagar 5th Block, Bengaluru - KSPCB","pm10",136,"µg/m³","2026-03-01T04:30:00Z","2026-03-01T10:00:00+05:30","Asia/Kolkata",12.920984,77.584908,,,,"Karnataka State Pollution Control Board","CPCB"
6973,"Jayanagar 5th Block, Bengaluru - KSPCB","pm10",136,"µg/m³","2026-03-01T04:45:00Z","2026-03-01T10:15:00+05:30","Asia/Kolkata",12.920984,77.584908,,,,"Karnataka State Pollution Control Board","CPCB"
6973,"Jayanagar 5th Block, Bengaluru - KSPCB","pm10",136,"µg/m³","2026-03-01T05:00:00Z","2026-03-01T10:30:00+05:30","Asia/Kolkata",12.920984,77.584908,,,,"Karnataka State Pollution Control Board","CPCB"
6973,"Jayanagar 5th Block, Bengaluru - KSPCB","pm10",144,"µg/m³","2026-03-01T05:15:00Z","2026-03-01T10:45:00+05:30","Asia/Kolkata",12.920984,77.584908,,,,"Karnataka State Pollution Control Board","CPCB"
6973,"Jayanagar 5th Block, Bengaluru - KSPCB","pm10",144,"µg/m³","2026-03-01T05:30:00Z","2026-03-01T11:00:00+05:30","Asia/Kolkata",12.920984,77.584908,,,,"Karnataka State Pollution Control Board","CPCB"
6973,"Jayanagar 5th Block, Bengaluru - KSPCB","pm10",144,"µg/m³","2026-03-01T05:45:00Z","2026-03-01T11:15:00+05:30","Asia/Kolkata",12.920984,77.584908,,,,"Karnataka State Pollution Control Board","CPCB"
6973,"Jayanagar 5th Block, Bengaluru - KSPCB","pm10",144,"µg/m³","2026-03-01T06:00:00Z","2026-03-01T11:30:00+05:30","Asia/Kolkata",12.920984,77.584908,,,,"Karnataka State Pollution Control Board","CPCB"
6973,"Jayanagar 5th Block, Bengaluru - KSPCB","pm10",124,"µg/m³","2026-03-01T06:15:00Z","2026-03-01T11:45:00+05:30","Asia/Kolkata",12.920984,77.584908,,,,"Karnataka State Pollution Control Board","CPCB"
6973,"Jayanagar 5th Block, Bengaluru - KSPCB","pm10",124,"µg/m³","2026-03-01T06:30:00Z","2026-03-01T12:00:00+05:30","Asia/Kolkata",12.920984,77.584908,,,,"Karnataka State Pollution Control Board","CPCB"
6973,"Jayanagar 5th Block, Bengaluru - KSPCB","pm10",124,"µg/m³","2026-03-01T06:45:00Z","2026-03-01T12:15:00+05:30","Asia/Kolkata",12.920984,77.584908,,,,"Karnataka State Pollution Control Board","CPCB"
6973,"Jayanagar 5th Block, Bengaluru - KSPCB","pm10",124,"µg/m³","2026-03-01T07:00:00Z","2026-03-01T12:30:00+05:30","Asia/Kolkata",12.920984,77.584908,,,,"Karnataka State Pollution Control Board","CPCB"
6973,"Jayanagar 5th Block, Bengaluru - KSPCB","pm10",199,"µg/m³","2026-03-01T07:15:00Z","2026-03-01T12:45:00+05:30","Asia/Kolkata",12.920984,77.584908,,,,"Karnataka State Pollution Control Board","CPCB"
6973,"Jayanagar 5th Block, Bengaluru - KSPCB","pm10",199,"µg/m³","2026-03-01T07:30:00Z","2026-03-01T13:00:00+05:30","Asia/Kolkata",12.920984,77.584908,,,,"Karnataka State Pollution Control Board","CPCB"
6973,"Jayanagar 5th Block, Bengaluru - KSPCB","pm10",199,"µg/m³","2026-03-01T07:45:00Z","2026-03-01T13:15:00+05:30","Asia/Kolkata",12.920984,77.584908,,,,"Karnataka State Pollution Control Board","CPCB"
6973,"Jayanagar 5th Block, Bengaluru - KSPCB","pm10",199,"µg/m³","2026-03-01T08:00:00Z","2026-03-01T13:30:00+05:30","Asia/Kolkata",12.920984,77.584908,,,,"Karnataka State Pollution Control Board","CPCB"
6973,"Jayanagar 5th Block, Bengaluru - KSPCB","pm10",136,"µg/m³","2026-03-01T08:15:00Z","2026-03-01T13:45:00+05:30","Asia/Kolkata",12.920984,77.584908,,,,"Karnataka State Pollution Control Board","CPCB"
6973,"Jayanagar 5th Block, Bengaluru - KSPCB","pm10",136,"µg/m³","2026-03-01T08:30:00Z","2026-03-01T14:00:00+05:30","Asia/Kolkata",12.920984,77.584908,,,,"Karnataka State Pollution Control Board","CPCB"
6973,"Jayanagar 5th Block, Bengaluru - KSPCB","pm10",136,"µg/m³","2026-03-01T08:45:00Z","2026-03-01T14:15:00+05:30","Asia/Kolkata",12.920984,77.584908,,,,"Karnataka State Pollution Control Board","CPCB"
6973,"Jayanagar 5th Block, Bengaluru - KSPCB","pm10",136,"µg/m³","2026-03-01T09:00:00Z","2026-03-01T14:30:00+05:30","Asia/Kolkata",12.920984,77.584908,,,,"Karnataka State Pollution Control Board","CPCB"
6973,"Jayanagar 5th Block, Bengaluru - KSPCB","pm10",132,"µg/m³","2026-03-01T09:30:00Z","2026-03-01T15:00:00+05:30","Asia/Kolkata",12.920984,77.584908,,,,"Karnataka State Pollution Control Board","CPCB"
6973,"Jayanagar 5th Block, Bengaluru - KSPCB","pm10",132,"µg/m³","2026-03-01T09:45:00Z","2026-03-01T15:15:00+05:30","Asia/Kolkata",12.920984,77.584908,,,,"Karnataka State Pollution Control Board","CPCB"
6973,"Jayanagar 5th Block, Bengaluru - KSPCB","pm10",132,"µg/m³","2026-03-01T10:00:00Z","2026-03-01T15:30:00+05:30","Asia/Kolkata",12.920984,77.584908,,,,"Karnataka State Pollution Control Board","CPCB"
6973,"Jayanagar 5th Block, Bengaluru - KSPCB","pm10",147,"µg/m³","2026-03-01T10:15:00Z","2026-03-01T15:45:00+05:30","Asia/Kolkata",12.920984,77.584908,,,,"Karnataka State Pollution Control Board","CPCB"
6973,"Jayanagar 5th Block, Bengaluru - KSPCB","pm10",147,"µg/m³","2026-03-01T10:30:00Z","2026-03-01T16:00:00+05:30","Asia/Kolkata",12.920984,77.584908,,,,"Karnataka State Pollution Control Board","CPCB"
6973,"Jayanagar 5th Block, Bengaluru - KSPCB","pm10",147,"µg/m³","2026-03-01T10:45:00Z","2026-03-01T16:15:00+05:30","Asia/Kolkata",12.920984,77.584908,,,,"Karnataka State Pollution Control Board","CPCB"
6973,"Jayanagar 5th Block, Bengaluru - KSPCB","pm10",147,"µg/m³","2026-03-01T11:00:00Z","2026-03-01T16:30:00+05:30","Asia/Kolkata",12.920984,77.584908,,,,"Karnataka State Pollution Control Board","CPCB"
6973,"Jayanagar 5th Block, Bengaluru - KSPCB","pm10",204,"µg/m³","2026-03-01T11:15:00Z","2026-03-01T16:45:00+05:30","Asia/Kolkata",12.920984,77.584908,,,,"Karnataka State Pollution Control Board","CPCB"
6973,"Jayanagar 5th Block, Bengaluru - KSPCB","pm10",204,"µg/m³","2026-03-01T11:45:00Z","2026-03-01T17:15:00+05:30","Asia/Kolkata",12.920984,77.584908,,,,"Karnataka State Pollution Control Board","CPCB"
6973,"Jayanagar 5th Block, Bengaluru - KSPCB","pm10",204,"µg/m³","2026-03-01T12:00:00Z","2026-03-01T17:30:00+05:30","Asia/Kolkata",12.920984,77.584908,,,,"Karnataka State Pollution Control Board","CPCB"
6973,"Jayanagar 5th Block, Bengaluru - KSPCB","pm10",218,"µg/m³","2026-03-01T12:15:00Z","2026-03-01T17:45:00+05:30","Asia/Kolkata",12.920984,77.584908,,,,"Karnataka State Pollution Control Board","CPCB"
6973,"Jayanagar 5th Block, Bengaluru - KSPCB","pm10",218,"µg/m³","2026-03-01T12:30:00Z","2026-03-01T18:00:00+05:30","Asia/Kolkata",12.920984,77.584908,,,,"Karnataka State Pollution Control Board","CPCB"
6973,"Jayanagar 5th Block, Bengaluru - KSPCB","pm10",218,"µg/m³","2026-03-01T12:45:00Z","2026-03-01T18:15:00+05:30","Asia/Kolkata",12.920984,77.584908,,,,"Karnataka State Pollution Control Board","CPCB"
6973,"Jayanagar 5th Block, Bengaluru - KSPCB","pm10",218,"µg/m³","2026-03-01T13:00:00Z","2026-03-01T18:30:00+05:30","Asia/Kolkata",12.920984,77.584908,,,,"Karnataka State Pollution Control Board","CPCB"
6973,"Jayanagar 5th Block, Bengaluru - KSPCB","pm10",233,"µg/m³","2026-03-01T13:15:00Z","2026-03-01T18:45:00+05:30","Asia/Kolkata",12.920984,77.584908,,,,"Karnataka State Pollution Control Board","CPCB"
6973,"Jayanagar 5th Block, Bengaluru - KSPCB","pm10",233,"µg/m³","2026-03-01T13:30:00Z","2026-03-01T19:00:00+05:30","Asia/Kolkata",12.920984,77.584908,,,,"Karnataka State Pollution Control Board","CPCB"
6973,"Jayanagar 5th Block, Bengaluru - KSPCB","pm10",233,"µg/m³","2026-03-01T13:45:00Z","2026-03-01T19:15:00+05:30","Asia/Kolkata",12.920984,77.584908,,,,"Karnataka State Pollution Control Board","CPCB"
6973,"Jayanagar 5th Block, Bengaluru - KSPCB","pm10",233,"µg/m³","2026-03-01T14:00:00Z","2026-03-01T19:30:00+05:30","Asia/Kolkata",12.920984,77.584908,,,,"Karnataka State Pollution Control Board","CPCB"
6973,"Jayanagar 5th Block, Bengaluru - KSPCB","pm10",138,"µg/m³","2026-03-01T14:15:00Z","2026-03-01T19:45:00+05:30","Asia/Kolkata",12.920984,77.584908,,,,"Karnataka State Pollution Control Board","CPCB"
6973,"Jayanagar 5th Block, Bengaluru - KSPCB","pm10",138,"µg/m³","2026-03-01T14:30:00Z","2026-03-01T20:00:00+05:30","Asia/Kolkata",12.920984,77.584908,,,,"Karnataka State Pollution Control Board","CPCB"
6973,"Jayanagar 5th Block, Bengaluru - KSPCB","pm10",138,"µg/m³","2026-03-01T14:45:00Z","2026-03-01T20:15:00+05:30","Asia/Kolkata",12.920984,77.584908,,,,"Karnataka State Pollution Control Board","CPCB"
6973,"Jayanagar 5th Block, Bengaluru - KSPCB","pm10",138,"µg/m³","2026-03-01T15:00:00Z","2026-03-01T20:30:00+05:30","Asia/Kolkata",12.920984,77.584908,,,,"Karnataka State Pollution Control Board","CPCB"
6973,"Jayanagar 5th Block, Bengaluru - KSPCB","pm10",140,"µg/m³","2026-03-01T15:15:00Z","2026-03-01T20:45:00+05:30","Asia/Kolkata",12.920984,77.584908,,,,"Karnataka State Pollution Control Board","CPCB"
6973,"Jayanagar 5th Block, Bengaluru - KSPCB","pm10",140,"µg/m³","2026-03-01T15:30:00Z","2026-03-01T21:00:00+05:30","Asia/Kolkata",12.920984,77.584908,,,,"Karnataka State Pollution Control Board","CPCB"
6973,"Jayanagar 5th Block, Bengaluru - KSPCB","pm10",140,"µg/m³","2026-03-01T15:45:00Z","2026-03-01T21:15:00+05:30","Asia/Kolkata",12.920984,77.584908,,,,"Karnataka State Pollution Control Board","CPCB"
6973,"Jayanagar 5th Block, Bengaluru - KSPCB","pm10",140,"µg/m³","2026-03-01T16:00:00Z","2026-03-01T21:30:00+05:30","Asia/Kolkata",12.920984,77.584908,,,,"Karnataka State Pollution Control Board","CPCB"
6973,"Jayanagar 5th Block, Bengaluru - KSPCB","pm10",113,"µg/m³","2026-03-01T16:15:00Z","2026-03-01T21:45:00+05:30","Asia/Kolkata",12.920984,77.584908,,,,"Karnataka State Pollution Control Board","CPCB"
6973,"Jayanagar 5th Block, Bengaluru - KSPCB","pm10",113,"µg/m³","2026-03-01T16:30:00Z","2026-03-01T22:00:00+05:30","Asia/Kolkata",12.920984,77.584908,,,,"Karnataka State Pollution Control Board","CPCB"
6973,"Jayanagar 5th Block, Bengaluru - KSPCB","pm10",113,"µg/m³","2026-03-01T16:45:00Z","2026-03-01T22:15:00+05:30","Asia/Kolkata",12.920984,77.584908,,,,"Karnataka State Pollution Control Board","CPCB"
6973,"Jayanagar 5th Block, Bengaluru - KSPCB","pm10",113,"µg/m³","2026-03-01T17:00:00Z","2026-03-01T22:30:00+05:30","Asia/Kolkata",12.920984,77.584908,,,,"Karnataka State Pollution Control Board","CPCB"
6973,"Jayanagar 5th Block, Bengaluru - KSPCB","pm10",119,"µg/m³","2026-03-01T17:15:00Z","2026-03-01T22:45:00+05:30","Asia/Kolkata",12.920984,77.584908,,,,"Karnataka State Pollution Control Board","CPCB"
6973,"Jayanagar 5th Block, Bengaluru - KSPCB","pm10",119,"µg/m³","2026-03-01T17:30:00Z","2026-03-01T23:00:00+05:30","Asia/Kolkata",12.920984,77.584908,,,,"Karnataka State Pollution Control Board","CPCB"
6973,"Jayanagar 5th Block, Bengaluru - KSPCB","pm10",119,"µg/m³","2026-03-01T17:45:00Z","2026-03-01T23:15:00+05:30","Asia/Kolkata",12.920984,77.584908,,,,"Karnataka State Pollution Control Board","CPCB"
6973,"Jayanagar 5th Block, Bengaluru - KSPCB","pm10",119,"µg/m³","2026-03-01T18:00:00Z","2026-03-01T23:30:00+05:30","Asia/Kolkata",12.920984,77.584908,,,,"Karnataka State Pollution Control Board","CPCB"
6973,"Jayanagar 5th Block, Bengaluru - KSPCB","pm10",116,"µg/m³","2026-03-01T18:15:00Z","2026-03-01T23:45:00+05:30","Asia/Kolkata",12.920984,77.584908,,,,"Karnataka State Pollution Control Board","CPCB"
6973,"Jayanagar 5th Block, Bengaluru - KSPCB","pm10",101,"µg/m³","2026-03-01T20:30:00Z","2026-03-02T02:00:00+05:30","Asia/Kolkata",12.920984,77.584908,,,,"Karnataka State Pollution Control Board","CPCB"
6973,"Jayanagar 5th Block, Bengaluru - KSPCB","pm10",101,"µg/m³","2026-03-01T20:45:00Z","2026-03-02T02:15:00+05:30","Asia/Kolkata",12.920984,77.584908,,,,"Karnataka State Pollution Control Board","CPCB"
6973,"Jayanagar 5th Block, Bengaluru - KSPCB","pm10",101,"µg/m³","2026-03-01T21:00:00Z","2026-03-02T02:30:00+05:30","Asia/Kolkata",12.920984,77.584908,,,,"Karnataka State Pollution Control Board","CPCB"
6973,"Jayanagar 5th Block, Bengaluru - KSPCB","pm10",105,"µg/m³","2026-03-01T21:15:00Z","2026-03-02T02:45:00+05:30","Asia/Kolkata",12.920984,77.584908,,,,"Karnataka State Pollution Control Board","CPCB"
6973,"Jayanagar 5th Block, Bengaluru - KSPCB","pm10",105,"µg/m³","2026-03-01T21:30:00Z","2026-03-02T03:00:00+05:30","Asia/Kolkata",12.920984,77.584908,,,,"Karnataka State Pollution Control Board","CPCB"
6973,"Jayanagar 5th Block, Bengaluru - KSPCB","pm10",105,"µg/m³","2026-03-01T21:45:00Z","2026-03-02T03:15:00+05:30","Asia/Kolkata",12.920984,77.584908,,,,"Karnataka State Pollution Control Board","CPCB"
6973,"Jayanagar 5th Block, Bengaluru - KSPCB","pm10",105,"µg/m³","2026-03-01T22:00:00Z","2026-03-02T03:30:00+05:30","Asia/Kolkata",12.920984,77.584908,,,,"Karnataka State Pollution Control Board","CPCB"
6973,"Jayanagar 5th Block, Bengaluru - KSPCB","pm10",106,"µg/m³","2026-03-01T22:15:00Z","2026-03-02T03:45:00+05:30","Asia/Kolkata",12.920984,77.584908,,,,"Karnataka State Pollution Control Board","CPCB"
6973,"Jayanagar 5th Block, Bengaluru - KSPCB","pm10",106,"µg/m³","2026-03-01T22:30:00Z","2026-03-02T04:00:00+05:30","Asia/Kolkata",12.920984,77.584908,,,,"Karnataka State Pollution Control Board","CPCB"
6973,"Jayanagar 5th Block, Bengaluru - KSPCB","pm10",106,"µg/m³","2026-03-01T22:45:00Z","2026-03-02T04:15:00+05:30","Asia/Kolkata",12.920984,77.584908,,,,"Karnataka State Pollution Control Board","CPCB"
6973,"Jayanagar 5th Block, Bengaluru - KSPCB","pm10",106,"µg/m³","2026-03-01T23:00:00Z","2026-03-02T04:30:00+05:30","Asia/Kolkata",12.920984,77.584908,,,,"Karnataka State Pollution Control Board","CPCB"
6973,"Jayanagar 5th Block, Bengaluru - KSPCB","pm10",99,"µg/m³","2026-03-01T23:15:00Z","2026-03-02T04:45:00+05:30","Asia/Kolkata",12.920984,77.584908,,,,"Karnataka State Pollution Control Board","CPCB"
6973,"Jayanagar 5th Block, Bengaluru - KSPCB","pm10",99,"µg/m³","2026-03-01T23:30:00Z","2026-03-02T05:00:00+05:30","Asia/Kolkata",12.920984,77.584908,,,,"Karnataka State Pollution Control Board","CPCB"
6973,"Jayanagar 5th Block, Bengaluru - KSPCB","pm10",99,"µg/m³","2026-03-01T23:45:00Z","2026-03-02T05:15:00+05:30","Asia/Kolkata",12.920984,77.584908,,,,"Karnataka State Pollution Control Board","CPCB"
6973,"Jayanagar 5th Block, Bengaluru - KSPCB","pm10",99,"µg/m³","2026-03-02T00:00:00Z","2026-03-02T05:30:00+05:30","Asia/Kolkata",12.920984,77.584908,,,,"Karnataka State Pollution Control Board","CPCB"
6973,"Jayanagar 5th Block, Bengaluru - KSPCB","pm25",70,"µg/m³","2026-03-01T00:15:00Z","2026-03-01T05:45:00+05:30","Asia/Kolkata",12.920984,77.584908,,,,"Karnataka State Pollution Control Board","CPCB"
6973,"Jayanagar 5th Block, Bengaluru - KSPCB","pm25",70,"µg/m³","2026-03-01T00:30:00Z","2026-03-01T06:00:00+05:30","Asia/Kolkata",12.920984,77.584908,,,,"Karnataka State Pollution Control Board","CPCB"
6973,"Jayanagar 5th Block, Bengaluru - KSPCB","pm25",70,"µg/m³","2026-03-01T00:45:00Z","2026-03-01T06:15:00+05:30","Asia/Kolkata",12.920984,77.584908,,,,"Karnataka State Pollution Control Board","CPCB"
6973,"Jayanagar 5th Block, Bengaluru - KSPCB","pm25",70,"µg/m³","2026-03-01T01:00:00Z","2026-03-01T06:30:00+05:30","Asia/Kolkata",12.920984,77.584908,,,,"Karnataka State Pollution Control Board","CPCB"
6973,"Jayanagar 5th Block, Bengaluru - KSPCB","pm25",72,"µg/m³","2026-03-01T01:15:00Z","2026-03-01T06:45:00+05:30","Asia/Kolkata",12.920984,77.584908,,,,"Karnataka State Pollution Control Board","CPCB"
6973,"Jayanagar 5th Block, Bengaluru - KSPCB","pm25",72,"µg/m³","2026-03-01T01:30:00Z","2026-03-01T07:00:00+05:30","Asia/Kolkata",12.920984,77.584908,,,,"Karnataka State Pollution Control Board","CPCB"
6973,"Jayanagar 5th Block, Bengaluru - KSPCB","pm25",72,"µg/m³","2026-03-01T01:45:00Z","2026-03-01T07:15:00+05:30","Asia/Kolkata",12.920984,77.584908,,,,"Karnataka State Pollution Control Board","CPCB"
6973,"Jayanagar 5th Block, Bengaluru - KSPCB","pm25",72,"µg/m³","2026-03-01T02:00:00Z","2026-03-01T07:30:00+05:30","Asia/Kolkata",12.920984,77.584908,,,,"Karnataka State Pollution Control Board","CPCB"
6973,"Jayanagar 5th Block, Bengaluru - KSPCB","pm25",83,"µg/m³","2026-03-01T02:15:00Z","2026-03-01T07:45:00+05:30","Asia/Kolkata",12.920984,77.584908,,,,"Karnataka State Pollution Control Board","CPCB"
6973,"Jayanagar 5th Block, Bengaluru - KSPCB","pm25",83,"µg/m³","2026-03-01T02:30:00Z","2026-03-01T08:00:00+05:30","Asia/Kolkata",12.920984,77.584908,,,,"Karnataka State Pollution Control Board","CPCB"
6973,"Jayanagar 5th Block, Bengaluru - KSPCB","pm25",83,"µg/m³","2026-03-01T02:45:00Z","2026-03-01T08:15:00+05:30","Asia/Kolkata",12.920984,77.584908,,,,"Karnataka State Pollution Control Board","CPCB"
6973,"Jayanagar 5th Block, Bengaluru - KSPCB","pm25",83,"µg/m³","2026-03-01T03:00:00Z","2026-03-01T08:30:00+05:30","Asia/Kolkata",12.920984,77.584908,,,,"Karnataka State Pollution Control Board","CPCB"
6973,"Jayanagar 5th Block, Bengaluru - KSPCB","pm25",50,"µg/m³","2026-03-01T03:30:00Z","2026-03-01T09:00:00+05:30","Asia/Kolkata",12.920984,77.584908,,,,"Karnataka State Pollution Control Board","CPCB"
6973,"Jayanagar 5th Block, Bengaluru - KSPCB","pm25",50,"µg/m³","2026-03-01T03:45:00Z","2026-03-01T09:15:00+05:30","Asia/Kolkata",12.920984,77.584908,,,,"Karnataka State Pollution Control Board","CPCB"
6973,"Jayanagar 5th Block, Bengaluru - KSPCB","pm25",50,"µg/m³","2026-03-01T04:00:00Z","2026-03-01T09:30:00+05:30","Asia/Kolkata",12.920984,77.584908,,,,"Karnataka State Pollution Control Board","CPCB"
6973,"Jayanagar 5th Block, Bengaluru - KSPCB","pm25",58,"µg/m³","2026-03-01T04:15:00Z","2026-03-01T09:45:00+05:30","Asia/Kolkata",12.920984,77.584908,,,,"Karnataka State Pollution Control Board","CPCB"
6973,"Jayanagar 5th Block, Bengaluru - KSPCB","pm25",58,"µg/m³","2026-03-01T04:30:00Z","2026-03-01T10:00:00+05:30","Asia/Kolkata",12.920984,77.584908,,,,"Karnataka State Pollution Control Board","CPCB"
6973,"Jayanagar 5th Block, Bengaluru - KSPCB","pm25",58,"µg/m³","2026-03-01T04:45:00Z","2026-03-01T10:15:00+05:30","Asia/Kolkata",12.920984,77.584908,,,,"Karnataka State Pollution Control Board","CPCB"
6973,"Jayanagar 5th Block, Bengaluru - KSPCB","pm25",58,"µg/m³","2026-03-01T05:00:00Z","2026-03-01T10:30:00+05:30","Asia/Kolkata",12.920984,77.584908,,,,"Karnataka State Pollution Control Board","CPCB"
6973,"Jayanagar 5th Block, Bengaluru - KSPCB","pm25",58,"µg/m³","2026-03-01T05:15:00Z","2026-03-01T10:45:00+05:30","Asia/Kolkata",12.920984,77.584908,,,,"Karnataka State Pollution Control Board","CPCB"
6973,"Jayanagar 5th Block, Bengaluru - KSPCB","pm25",58,"µg/m³","2026-03-01T05:30:00Z","2026-03-01T11:00:00+05:30","Asia/Kolkata",12.920984,77.584908,,,,"Karnataka State Pollution Control Board","CPCB"
6973,"Jayanagar 5th Block, Bengaluru - KSPCB","pm25",58,"µg/m³","2026-03-01T05:45:00Z","2026-03-01T11:15:00+05:30","Asia/Kolkata",12.920984,77.584908,,,,"Karnataka State Pollution Control Board","CPCB"
6973,"Jayanagar 5th Block, Bengaluru - KSPCB","pm25",58,"µg/m³","2026-03-01T06:00:00Z","2026-03-01T11:30:00+05:30","Asia/Kolkata",12.920984,77.584908,,,,"Karnataka State Pollution Control Board","CPCB"
6973,"Jayanagar 5th Block, Bengaluru - KSPCB","pm25",68,"µg/m³","2026-03-01T06:15:00Z","2026-03-01T11:45:00+05:30","Asia/Kolkata",12.920984,77.584908,,,,"Karnataka State Pollution Control Board","CPCB"
6973,"Jayanagar 5th Block, Bengaluru - KSPCB","pm25",68,"µg/m³","2026-03-01T06:30:00Z","2026-03-01T12:00:00+05:30","Asia/Kolkata",12.920984,77.584908,,,,"Karnataka State Pollution Control Board","CPCB"
6973,"Jayanagar 5th Block, Bengaluru - KSPCB","pm25",68,"µg/m³","2026-03-01T06:45:00Z","2026-03-01T12:15:00+05:30","Asia/Kolkata",12.920984,77.584908,,,,"Karnataka State Pollution Control Board","CPCB"
6973,"Jayanagar 5th Block, Bengaluru - KSPCB","pm25",68,"µg/m³","2026-03-01T07:00:00Z","2026-03-01T12:30:00+05:30","Asia/Kolkata",12.920984,77.584908,,,,"Karnataka State Pollution Control Board","CPCB"
6973,"Jayanagar 5th Block, Bengaluru - KSPCB","pm25",60,"µg/m³","2026-03-01T07:15:00Z","2026-03-01T12:45:00+05:30","Asia/Kolkata",12.920984,77.584908,,,,"Karnataka State Pollution Control Board","CPCB"
6973,"Jayanagar 5th Block, Bengaluru - KSPCB","pm25",60,"µg/m³","2026-03-01T07:30:00Z","2026-03-01T13:00:00+05:30","Asia/Kolkata",12.920984,77.584908,,,,"Karnataka State Pollution Control Board","CPCB"
6973,"Jayanagar 5th Block, Bengaluru - KSPCB","pm25",60,"µg/m³","2026-03-01T07:45:00Z","2026-03-01T13:15:00+05:30","Asia/Kolkata",12.920984,77.584908,,,,"Karnataka State Pollution Control Board","CPCB"
6973,"Jayanagar 5th Block, Bengaluru - KSPCB","pm25",60,"µg/m³","2026-03-01T08:00:00Z","2026-03-01T13:30:00+05:30","Asia/Kolkata",12.920984,77.584908,,,,"Karnataka State Pollution Control Board","CPCB"
6973,"Jayanagar 5th Block, Bengaluru - KSPCB","pm25",64,"µg/m³","2026-03-01T08:15:00Z","2026-03-01T13:45:00+05:30","Asia/Kolkata",12.920984,77.584908,,,,"Karnataka State Pollution Control Board","CPCB"
6973,"Jayanagar 5th Block, Bengaluru - KSPCB","pm25",64,"µg/m³","2026-03-01T08:30:00Z","2026-03-01T14:00:00+05:30","Asia/Kolkata",12.920984,77.584908,,,,"Karnataka State Pollution Control Board","CPCB"
6973,"Jayanagar 5th Block, Bengaluru - KSPCB","pm25",64,"µg/m³","2026-03-01T08:45:00Z","2026-03-01T14:15:00+05:30","Asia/Kolkata",12.920984,77.584908,,,,"Karnataka State Pollution Control Board","CPCB"
6973,"Jayanagar 5th Block, Bengaluru - KSPCB","pm25",64,"µg/m³","2026-03-01T09:00:00Z","2026-03-01T14:30:00+05:30","Asia/Kolkata",12.920984,77.584908,,,,"Karnataka State Pollution Control Board","CPCB"
6973,"Jayanagar 5th Block, Bengaluru - KSPCB","pm25",63,"µg/m³","2026-03-01T09:30:00Z","2026-03-01T15:00:00+05:30","Asia/Kolkata",12.920984,77.584908,,,,"Karnataka State Pollution Control Board","CPCB"
6973,"Jayanagar 5th Block, Bengaluru - KSPCB","pm25",63,"µg/m³","2026-03-01T09:45:00Z","2026-03-01T15:15:00+05:30","Asia/Kolkata",12.920984,77.584908,,,,"Karnataka State Pollution Control Board","CPCB"
6973,"Jayanagar 5th Block, Bengaluru - KSPCB","pm25",63,"µg/m³","2026-03-01T10:00:00Z","2026-03-01T15:30:00+05:30","Asia/Kolkata",12.920984,77.584908,,,,"Karnataka State Pollution Control Board","CPCB"
6973,"Jayanagar 5th Block, Bengaluru - KSPCB","pm25",64,"µg/m³","2026-03-01T10:15:00Z","2026-03-01T15:45:00+05:30","Asia/Kolkata",12.920984,77.584908,,,,"Karnataka State Pollution Control Board","CPCB"
6973,"Jayanagar 5th Block, Bengaluru - KSPCB","pm25",64,"µg/m³","2026-03-01T10:30:00Z","2026-03-01T16:00:00+05:30","Asia/Kolkata",12.920984,77.584908,,,,"Karnataka State Pollution Control Board","CPCB"
6973,"Jayanagar 5th Block, Bengaluru - KSPCB","pm25",64,"µg/m³","2026-03-01T10:45:00Z","2026-03-01T16:15:00+05:30","Asia/Kolkata",12.920984,77.584908,,,,"Karnataka State Pollution Control Board","CPCB"
6973,"Jayanagar 5th Block, Bengaluru - KSPCB","pm25",64,"µg/m³","2026-03-01T11:00:00Z","2026-03-01T16:30:00+05:30","Asia/Kolkata",12.920984,77.584908,,,,"Karnataka State Pollution Control Board","CPCB"
6973,"Jayanagar 5th Block, Bengaluru - KSPCB","pm25",68,"µg/m³","2026-03-01T11:15:00Z","2026-03-01T16:45:00+05:30","Asia/Kolkata",12.920984,77.584908,,,,"Karnataka State Pollution Control Board","CPCB"
6973,"Jayanagar 5th Block, Bengaluru - KSPCB","pm25",68,"µg/m³","2026-03-01T11:45:00Z","2026-03-01T17:15:00+05:30","Asia/Kolkata",12.920984,77.584908,,,,"Karnataka State Pollution Control Board","CPCB"
6973,"Jayanagar 5th Block, Bengaluru - KSPCB","pm25",68,"µg/m³","2026-03-01T12:00:00Z","2026-03-01T17:30:00+05:30","Asia/Kolkata",12.920984,77.584908,,,,"Karnataka State Pollution Control Board","CPCB"
6973,"Jayanagar 5th Block, Bengaluru - KSPCB","pm25",72,"µg/m³","2026-03-01T12:15:00Z","2026-03-01T17:45:00+05:30","Asia/Kolkata",12.920984,77.584908,,,,"Karnataka State Pollution Control Board","CPCB"
6973,"Jayanagar 5th Block, Bengaluru - KSPCB","pm25",72,"µg/m³","2026-03-01T12:30:00Z","2026-03-01T18:00:00+05:30","Asia/Kolkata",12.920984,77.584908,,,,"Karnataka State Pollution Control Board","CPCB"
6973,"Jayanagar 5th Block, Bengaluru - KSPCB","pm25",72,"µg/m³","2026-03-01T12:45:00Z","2026-03-01T18:15:00+05:30","Asia/Kolkata",12.920984,77.584908,,,,"Karnataka State Pollution Control Board","CPCB"
6973,"Jayanagar 5th Block, Bengaluru - KSPCB","pm25",72,"µg/m³","2026-03-01T13:00:00Z","2026-03-01T18:30:00+05:30","Asia/Kolkata",12.920984,77.584908,,,,"Karnataka State Pollution Control Board","CPCB"
6973,"Jayanagar 5th Block, Bengaluru - KSPCB","pm25",71,"µg/m³","2026-03-01T13:15:00Z","2026-03-01T18:45:00+05:30","Asia/Kolkata",12.920984,77.584908,,,,"Karnataka State Pollution Control Board","CPCB"
6973,"Jayanagar 5th Block, Bengaluru - KSPCB","pm25",71,"µg/m³","2026-03-01T13:30:00Z","2026-03-01T19:00:00+05:30","Asia/Kolkata",12.920984,77.584908,,,,"Karnataka State Pollution Control Board","CPCB"
6973,"Jayanagar 5th Block, Bengaluru - KSPCB","pm25",71,"µg/m³","2026-03-01T13:45:00Z","2026-03-01T19:15:00+05:30","Asia/Kolkata",12.920984,77.584908,,,,"Karnataka State Pollution Control Board","CPCB"
6973,"Jayanagar 5th Block, Bengaluru - KSPCB","pm25",71,"µg/m³","2026-03-01T14:00:00Z","2026-03-01T19:30:00+05:30","Asia/Kolkata",12.920984,77.584908,,,,"Karnataka State Pollution Control Board","CPCB"
6973,"Jayanagar 5th Block, Bengaluru - KSPCB","pm25",85,"µg/m³","2026-03-01T14:15:00Z","2026-03-01T19:45:00+05:30","Asia/Kolkata",12.920984,77.584908,,,,"Karnataka State Pollution Control Board","CPCB"
6973,"Jayanagar 5th Block, Bengaluru - KSPCB","pm25",85,"µg/m³","2026-03-01T14:30:00Z","2026-03-01T20:00:00+05:30","Asia/Kolkata",12.920984,77.584908,,,,"Karnataka State Pollution Control Board","CPCB"
6973,"Jayanagar 5th Block, Bengaluru - KSPCB","pm25",85,"µg/m³","2026-03-01T14:45:00Z","2026-03-01T20:15:00+05:30","Asia/Kolkata",12.920984,77.584908,,,,"Karnataka State Pollution Control Board","CPCB"
6973,"Jayanagar 5th Block, Bengaluru - KSPCB","pm25",85,"µg/m³","2026-03-01T15:00:00Z","2026-03-01T20:30:00+05:30","Asia/Kolkata",12.920984,77.584908,,,,"Karnataka State Pollution Control Board","CPCB"
6973,"Jayanagar 5th Block, Bengaluru - KSPCB","pm25",77,"µg/m³","2026-03-01T15:15:00Z","2026-03-01T20:45:00+05:30","Asia/Kolkata",12.920984,77.584908,,,,"Karnataka State Pollution Control Board","CPCB"
6973,"Jayanagar 5th Block, Bengaluru - KSPCB","pm25",77,"µg/m³","2026-03-01T15:30:00Z","2026-03-01T21:00:00+05:30","Asia/Kolkata",12.920984,77.584908,,,,"Karnataka State Pollution Control Board","CPCB"
6973,"Jayanagar 5th Block, Bengaluru - KSPCB","pm25",77,"µg/m³","2026-03-01T15:45:00Z","2026-03-01T21:15:00+05:30","Asia/Kolkata",12.920984,77.584908,,,,"Karnataka State Pollution Control Board","CPCB"
6973,"Jayanagar 5th Block, Bengaluru - KSPCB","pm25",77,"µg/m³","2026-03-01T16:00:00Z","2026-03-01T21:30:00+05:30","Asia/Kolkata",12.920984,77.584908,,,,"Karnataka State Pollution Control Board","CPCB"
6973,"Jayanagar 5th Block, Bengaluru - KSPCB","pm25",59,"µg/m³","2026-03-01T16:15:00Z","2026-03-01T21:45:00+05:30","Asia/Kolkata",12.920984,77.584908,,,,"Karnataka State Pollution Control Board","CPCB"
6973,"Jayanagar 5th Block, Bengaluru - KSPCB","pm25",59,"µg/m³","2026-03-01T16:30:00Z","2026-03-01T22:00:00+05:30","Asia/Kolkata",12.920984,77.584908,,,,"Karnataka State Pollution Control Board","CPCB"
6973,"Jayanagar 5th Block, Bengaluru - KSPCB","pm25",59,"µg/m³","2026-03-01T16:45:00Z","2026-03-01T22:15:00+05:30","Asia/Kolkata",12.920984,77.584908,,,,"Karnataka State Pollution Control Board","CPCB"
6973,"Jayanagar 5th Block, Bengaluru - KSPCB","pm25",59,"µg/m³","2026-03-01T17:00:00Z","2026-03-01T22:30:00+05:30","Asia/Kolkata",12.920984,77.584908,,,,"Karnataka State Pollution Control Board","CPCB"
6973,"Jayanagar 5th Block, Bengaluru - KSPCB","pm25",64,"µg/m³","2026-03-01T17:15:00Z","2026-03-01T22:45:00+05:30","Asia/Kolkata",12.920984,77.584908,,,,"Karnataka State Pollution Control Board","CPCB"
6973,"Jayanagar 5th Block, Bengaluru - KSPCB","pm25",64,"µg/m³","2026-03-01T17:30:00Z","2026-03-01T23:00:00+05:30","Asia/Kolkata",12.920984,77.584908,,,,"Karnataka State Pollution Control Board","CPCB"
6973,"Jayanagar 5th Block, Bengaluru - KSPCB","pm25",64,"µg/m³","2026-03-01T17:45:00Z","2026-03-01T23:15:00+05:30","Asia/Kolkata",12.920984,77.584908,,,,"Karnataka State Pollution Control Board","CPCB"
6973,"Jayanagar 5th Block, Bengaluru - KSPCB","pm25",64,"µg/m³","2026-03-01T18:00:00Z","2026-03-01T23:30:00+05:30","Asia/Kolkata",12.920984,77.584908,,,,"Karnataka State Pollution Control Board","CPCB"
6973,"Jayanagar 5th Block, Bengaluru - KSPCB","pm25",85,"µg/m³","2026-03-01T18:15:00Z","2026-03-01T23:45:00+05:30","Asia/Kolkata",12.920984,77.584908,,,,"Karnataka State Pollution Control Board","CPCB"
6973,"Jayanagar 5th Block, Bengaluru - KSPCB","pm25",83,"µg/m³","2026-03-01T20:30:00Z","2026-03-02T02:00:00+05:30","Asia/Kolkata",12.920984,77.584908,,,,"Karnataka State Pollution Control Board","CPCB"
6973,"Jayanagar 5th Block, Bengaluru - KSPCB","pm25",83,"µg/m³","2026-03-01T20:45:00Z","2026-03-02T02:15:00+05:30","Asia/Kolkata",12.920984,77.584908,,,,"Karnataka State Pollution Control Board","CPCB"
6973,"Jayanagar 5th Block, Bengaluru - KSPCB","pm25",83,"µg/m³","2026-03-01T21:00:00Z","2026-03-02T02:30:00+05:30","Asia/Kolkata",12.920984,77.584908,,,,"Karnataka State Pollution Control Board","CPCB"
6973,"Jayanagar 5th Block, Bengaluru - KSPCB","pm25",77,"µg/m³","2026-03-01T21:15:00Z","2026-03-02T02:45:00+05:30","Asia/Kolkata",12.920984,77.584908,,,,"Karnataka State Pollution Control Board","CPCB"
6973,"Jayanagar 5th Block, Bengaluru - KSPCB","pm25",77,"µg/m³","2026-03-01T21:30:00Z","2026-03-02T03:00:00+05:30","Asia/Kolkata",12.920984,77.584908,,,,"Karnataka State Pollution Control Board","CPCB"
6973,"Jayanagar 5th Block, Bengaluru - KSPCB","pm25",77,"µg/m³","2026-03-01T21:45:00Z","2026-03-02T03:15:00+05:30","Asia/Kolkata",12.920984,77.584908,,,,"Karnataka State Pollution Control Board","CPCB"
6973,"Jayanagar 5th Block, Bengaluru - KSPCB","pm25",77,"µg/m³","2026-03-01T22:00:00Z","2026-03-02T03:30:00+05:30","Asia/Kolkata",12.920984,77.584908,,,,"Karnataka State Pollution Control Board","CPCB"
6973,"Jayanagar 5th Block, Bengaluru - KSPCB","pm25",80,"µg/m³","2026-03-01T22:15:00Z","2026-03-02T03:45:00+05:30","Asia/Kolkata",12.920984,77.584908,,,,"Karnataka State Pollution Control Board","CPCB"
6973,"Jayanagar 5th Block, Bengaluru - KSPCB","pm25",80,"µg/m³","2026-03-01T22:30:00Z","2026-03-02T04:00:00+05:30","Asia/Kolkata",12.920984,77.584908,,,,"Karnataka State Pollution Control Board","CPCB"
6973,"Jayanagar 5th Block, Bengaluru - KSPCB","pm25",80,"µg/m³","2026-03-01T22:45:00Z","2026-03-02T04:15:00+05:30","Asia/Kolkata",12.920984,77.584908,,,,"Karnataka State Pollution Control Board","CPCB"
6973,"Jayanagar 5th Block, Bengaluru - KSPCB","pm25",80,"µg/m³","2026-03-01T23:00:00Z","2026-03-02T04:30:00+05:30","Asia/Kolkata",12.920984,77.584908,,,,"Karnataka State Pollution Control Board","CPCB"
6973,"Jayanagar 5th Block, Bengaluru - KSPCB","pm25",77,"µg/m³","2026-03-01T23:15:00Z","2026-03-02T04:45:00+05:30","Asia/Kolkata",12.920984,77.584908,,,,"Karnataka State Pollution Control Board","CPCB"
6973,"Jayanagar 5th Block, Bengaluru - KSPCB","pm25",77,"µg/m³","2026-03-01T23:30:00Z","2026-03-02T05:00:00+05:30","Asia/Kolkata",12.920984,77.584908,,,,"Karnataka State Pollution Control Board","CPCB"
6973,"Jayanagar 5th Block, Bengaluru - KSPCB","pm25",77,"µg/m³","2026-03-01T23:45:00Z","2026-03-02T05:15:00+05:30","Asia/Kolkata",12.920984,77.584908,,,,"Karnataka State Pollution Control Board","CPCB"
6973,"Jayanagar 5th Block, Bengaluru - KSPCB","pm25",77,"µg/m³","2026-03-02T00:00:00Z","2026-03-02T05:30:00+05:30","Asia/Kolkata",12.920984,77.584908,,,,"Karnataka State Pollution Control Board","CPCB"
6973,"Jayanagar 5th Block, Bengaluru - KSPCB","relativehumidity",64,"%","2026-03-01T00:15:00Z","2026-03-01T05:45:00+05:30","Asia/Kolkata",12.920984,77.584908,,,,"Karnataka State Pollution Control Board","CPCB"
6973,"Jayanagar 5th Block, Bengaluru - KSPCB","relativehumidity",64,"%","2026-03-01T00:30:00Z","2026-03-01T06:00:00+05:30","Asia/Kolkata",12.920984,77.584908,,,,"Karnataka State Pollution Control Board","CPCB"
6973,"Jayanagar 5th Block, Bengaluru - KSPCB","relativehumidity",64,"%","2026-03-01T00:45:00Z","2026-03-01T06:15:00+05:30","Asia/Kolkata",12.920984,77.584908,,,,"Karnataka State Pollution Control Board","CPCB"
6973,"Jayanagar 5th Block, Bengaluru - KSPCB","relativehumidity",65,"%","2026-03-01T01:00:00Z","2026-03-01T06:30:00+05:30","Asia/Kolkata",12.920984,77.584908,,,,"Karnataka State Pollution Control Board","CPCB"
6973,"Jayanagar 5th Block, Bengaluru - KSPCB","relativehumidity",66,"%","2026-03-01T01:15:00Z","2026-03-01T06:45:00+05:30","Asia/Kolkata",12.920984,77.584908,,,,"Karnataka State Pollution Control Board","CPCB"
6973,"Jayanagar 5th Block, Bengaluru - KSPCB","relativehumidity",65,"%","2026-03-01T01:30:00Z","2026-03-01T07:00:00+05:30","Asia/Kolkata",12.920984,77.584908,,,,"Karnataka State Pollution Control Board","CPCB"
6973,"Jayanagar 5th Block, Bengaluru - KSPCB","relativehumidity",65,"%","2026-03-01T01:45:00Z","2026-03-01T07:15:00+05:30","Asia/Kolkata",12.920984,77.584908,,,,"Karnataka State Pollution Control Board","CPCB"
6973,"Jayanagar 5th Block, Bengaluru - KSPCB","relativehumidity",65,"%","2026-03-01T02:00:00Z","2026-03-01T07:30:00+05:30","Asia/Kolkata",12.920984,77.584908,,,,"Karnataka State Pollution Control Board","CPCB"
6973,"Jayanagar 5th Block, Bengaluru - KSPCB","relativehumidity",64,"%","2026-03-01T02:15:00Z","2026-03-01T07:45:00+05:30","Asia/Kolkata",12.920984,77.584908,,,,"Karnataka State Pollution Control Board","CPCB"
6973,"Jayanagar 5th Block, Bengaluru - KSPCB","relativehumidity",66,"%","2026-03-01T02:30:00Z","2026-03-01T08:00:00+05:30","Asia/Kolkata",12.920984,77.584908,,,,"Karnataka State Pollution Control Board","CPCB"
6973,"Jayanagar 5th Block, Bengaluru - KSPCB","relativehumidity",67,"%","2026-03-01T02:45:00Z","2026-03-01T08:15:00+05:30","Asia/Kolkata",12.920984,77.584908,,,,"Karnataka State Pollution Control Board","CPCB"
6973,"Jayanagar 5th Block, Bengaluru - KSPCB","relativehumidity",68,"%","2026-03-01T03:00:00Z","2026-03-01T08:30:00+05:30","Asia/Kolkata",12.920984,77.584908,,,,"Karnataka State Pollution Control Board","CPCB"
6973,"Jayanagar 5th Block, Bengaluru - KSPCB","relativehumidity",65,"%","2026-03-01T03:30:00Z","2026-03-01T09:00:00+05:30","Asia/Kolkata",12.920984,77.584908,,,,"Karnataka State Pollution Control Board","CPCB"
6973,"Jayanagar 5th Block, Bengaluru - KSPCB","relativehumidity",60,"%","2026-03-01T03:45:00Z","2026-03-01T09:15:00+05:30","Asia/Kolkata",12.920984,77.584908,,,,"Karnataka State Pollution Control Board","CPCB"
6973,"Jayanagar 5th Block, Bengaluru - KSPCB","relativehumidity",55,"%","2026-03-01T04:00:00Z","2026-03-01T09:30:00+05:30","Asia/Kolkata",12.920984,77.584908,,,,"Karnataka State Pollution Control Board","CPCB"
6973,"Jayanagar 5th Block, Bengaluru - KSPCB","relativehumidity",55,"%","2026-03-01T04:15:00Z","2026-03-01T09:45:00+05:30","Asia/Kolkata",12.920984,77.584908,,,,"Karnataka State Pollution Control Board","CPCB"
6973,"Jayanagar 5th Block, Bengaluru - KSPCB","relativehumidity",54,"%","2026-03-01T04:30:00Z","2026-03-01T10:00:00+05:30","Asia/Kolkata",12.920984,77.584908,,,,"Karnataka State Pollution Control Board","CPCB"
6973,"Jayanagar 5th Block, Bengaluru - KSPCB","relativehumidity",51,"%","2026-03-01T04:45:00Z","2026-03-01T10:15:00+05:30","Asia/Kolkata",12.920984,77.584908,,,,"Karnataka State Pollution Control Board","CPCB"
6973,"Jayanagar 5th Block, Bengaluru - KSPCB","relativehumidity",49,"%","2026-03-01T05:00:00Z","2026-03-01T10:30:00+05:30","Asia/Kolkata",12.920984,77.584908,,,,"Karnataka State Pollution Control Board","CPCB"
6973,"Jayanagar 5th Block, Bengaluru - KSPCB","relativehumidity",48,"%","2026-03-01T05:15:00Z","2026-03-01T10:45:00+05:30","Asia/Kolkata",12.920984,77.584908,,,,"Karnataka State Pollution Control Board","CPCB"
6973,"Jayanagar 5th Block, Bengaluru - KSPCB","relativehumidity",46,"%","2026-03-01T05:30:00Z","2026-03-01T11:00:00+05:30","Asia/Kolkata",12.920984,77.584908,,,,"Karnataka State Pollution Control Board","CPCB"
6973,"Jayanagar 5th Block, Bengaluru - KSPCB","relativehumidity",45,"%","2026-03-01T05:45:00Z","2026-03-01T11:15:00+05:30","Asia/Kolkata",12.920984,77.584908,,,,"Karnataka State Pollution Control Board","CPCB"
6973,"Jayanagar 5th Block, Bengaluru - KSPCB","relativehumidity",42,"%","2026-03-01T06:00:00Z","2026-03-01T11:30:00+05:30","Asia/Kolkata",12.920984,77.584908,,,,"Karnataka State Pollution Control Board","CPCB"
6973,"Jayanagar 5th Block, Bengaluru - KSPCB","relativehumidity",41,"%","2026-03-01T06:15:00Z","2026-03-01T11:45:00+05:30","Asia/Kolkata",12.920984,77.584908,,,,"Karnataka State Pollution Control Board","CPCB"
6973,"Jayanagar 5th Block, Bengaluru - KSPCB","relativehumidity",40,"%","2026-03-01T06:30:00Z","2026-03-01T12:00:00+05:30","Asia/Kolkata",12.920984,77.584908,,,,"Karnataka State Pollution Control Board","CPCB"
6973,"Jayanagar 5th Block, Bengaluru - KSPCB","relativehumidity",40,"%","2026-03-01T06:45:00Z","2026-03-01T12:15:00+05:30","Asia/Kolkata",12.920984,77.584908,,,,"Karnataka State Pollution Control Board","CPCB"
6973,"Jayanagar 5th Block, Bengaluru - KSPCB","relativehumidity",38,"%","2026-03-01T07:00:00Z","2026-03-01T12:30:00+05:30","Asia/Kolkata",12.920984,77.584908,,,,"Karnataka State Pollution Control Board","CPCB"
6973,"Jayanagar 5th Block, Bengaluru - KSPCB","relativehumidity",37,"%","2026-03-01T07:15:00Z","2026-03-01T12:45:00+05:30","Asia/Kolkata",12.920984,77.584908,,,,"Karnataka State Pollution Control Board","CPCB"
6973,"Jayanagar 5th Block, Bengaluru - KSPCB","relativehumidity",36,"%","2026-03-01T07:30:00Z","2026-03-01T13:00:00+05:30","Asia/Kolkata",12.920984,77.584908,,,,"Karnataka State Pollution Control Board","CPCB"
6973,"Jayanagar 5th Block, Bengaluru - KSPCB","relativehumidity",35,"%","2026-03-01T07:45:00Z","2026-03-01T13:15:00+05:30","Asia/Kolkata",12.920984,77.584908,,,,"Karnataka State Pollution Control Board","CPCB"
6973,"Jayanagar 5th Block, Bengaluru - KSPCB","relativehumidity",35,"%","2026-03-01T08:00:00Z","2026-03-01T13:30:00+05:30","Asia/Kolkata",12.920984,77.584908,,,,"Karnataka State Pollution Control Board","CPCB"
6973,"Jayanagar 5th Block, Bengaluru - KSPCB","relativehumidity",35,"%","2026-03-01T08:15:00Z","2026-03-01T13:45:00+05:30","Asia/Kolkata",12.920984,77.584908,,,,"Karnataka State Pollution Control Board","CPCB"
6973,"Jayanagar 5th Block, Bengaluru - KSPCB","relativehumidity",35,"%","2026-03-01T08:30:00Z","2026-03-01T14:00:00+05:30","Asia/Kolkata",12.920984,77.584908,,,,"Karnataka State Pollution Control Board","CPCB"
6973,"Jayanagar 5th Block, Bengaluru - KSPCB","relativehumidity",33,"%","2026-03-01T08:45:00Z","2026-03-01T14:15:00+05:30","Asia/Kolkata",12.920984,77.584908,,,,"Karnataka State Pollution Control Board","CPCB"
6973,"Jayanagar 5th Block, Bengaluru - KSPCB","relativehumidity",33,"%","2026-03-01T09:00:00Z","2026-03-01T14:30:00+05:30","Asia/Kolkata",12.920984,77.584908,,,,"Karnataka State Pollution Control Board","CPCB"
6973,"Jayanagar 5th Block, Bengaluru - KSPCB","relativehumidity",33,"%","2026-03-01T09:30:00Z","2026-03-01T15:00:00+05:30","Asia/Kolkata",12.920984,77.584908,,,,"Karnataka State Pollution Control Board","CPCB"
6973,"Jayanagar 5th Block, Bengaluru - KSPCB","relativehumidity",33,"%","2026-03-01T09:45:00Z","2026-03-01T15:15:00+05:30","Asia/Kolkata",12.920984,77.584908,,,,"Karnataka State Pollution Control Board","CPCB"
6973,"Jayanagar 5th Block, Bengaluru - KSPCB","relativehumidity",33,"%","2026-03-01T10:00:00Z","2026-03-01T15:30:00+05:30","Asia/Kolkata",12.920984,77.584908,,,,"Karnataka State Pollution Control Board","CPCB"
6973,"Jayanagar 5th Block, Bengaluru - KSPCB","relativehumidity",33,"%","2026-03-01T10:15:00Z","2026-03-01T15:45:00+05:30","Asia/Kolkata",12.920984,77.584908,,,,"Karnataka State Pollution Control Board","CPCB"
6973,"Jayanagar 5th Block, Bengaluru - KSPCB","relativehumidity",32,"%","2026-03-01T10:30:00Z","2026-03-01T16:00:00+05:30","Asia/Kolkata",12.920984,77.584908,,,,"Karnataka State Pollution Control Board","CPCB"
6973,"Jayanagar 5th Block, Bengaluru - KSPCB","relativehumidity",32,"%","2026-03-01T10:45:00Z","2026-03-01T16:15:00+05:30","Asia/Kolkata",12.920984,77.584908,,,,"Karnataka State Pollution Control Board","CPCB"
6973,"Jayanagar 5th Block, Bengaluru - KSPCB","relativehumidity",32,"%","2026-03-01T11:00:00Z","2026-03-01T16:30:00+05:30","Asia/Kolkata",12.920984,77.584908,,,,"Karnataka State Pollution Control Board","CPCB"
6973,"Jayanagar 5th Block, Bengaluru - KSPCB","relativehumidity",32,"%","2026-03-01T11:15:00Z","2026-03-01T16:45:00+05:30","Asia/Kolkata",12.920984,77.584908,,,,"Karnataka State Pollution Control Board","CPCB"
6973,"Jayanagar 5th Block, Bengaluru - KSPCB","relativehumidity",34,"%","2026-03-01T11:45:00Z","2026-03-01T17:15:00+05:30","Asia/Kolkata",12.920984,77.584908,,,,"Karnataka State Pollution Control Board","CPCB"
6973,"Jayanagar 5th Block, Bengaluru - KSPCB","relativehumidity",35,"%","2026-03-01T12:00:00Z","2026-03-01T17:30:00+05:30","Asia/Kolkata",12.920984,77.584908,,,,"Karnataka State Pollution Control Board","CPCB"
6973,"Jayanagar 5th Block, Bengaluru - KSPCB","relativehumidity",35,"%","2026-03-01T12:15:00Z","2026-03-01T17:45:00+05:30","Asia/Kolkata",12.920984,77.584908,,,,"Karnataka State Pollution Control Board","CPCB"
6973,"Jayanagar 5th Block, Bengaluru - KSPCB","relativehumidity",36,"%","2026-03-01T12:30:00Z","2026-03-01T18:00:00+05:30","Asia/Kolkata",12.920984,77.584908,,,,"Karnataka State Pollution Control Board","CPCB"
6973,"Jayanagar 5th Block, Bengaluru - KSPCB","relativehumidity",36,"%","2026-03-01T12:45:00Z","2026-03-01T18:15:00+05:30","Asia/Kolkata",12.920984,77.584908,,,,"Karnataka State Pollution Control Board","CPCB"
6973,"Jayanagar 5th Block, Bengaluru - KSPCB","relativehumidity",36,"%","2026-03-01T13:00:00Z","2026-03-01T18:30:00+05:30","Asia/Kolkata",12.920984,77.584908,,,,"Karnataka State Pollution Control Board","CPCB"
6973,"Jayanagar 5th Block, Bengaluru - KSPCB","relativehumidity",37,"%","2026-03-01T13:15:00Z","2026-03-01T18:45:00+05:30","Asia/Kolkata",12.920984,77.584908,,,,"Karnataka State Pollution Control Board","CPCB"
6973,"Jayanagar 5th Block, Bengaluru - KSPCB","relativehumidity",38,"%","2026-03-01T13:30:00Z","2026-03-01T19:00:00+05:30","Asia/Kolkata",12.920984,77.584908,,,,"Karnataka State Pollution Control Board","CPCB"
6973,"Jayanagar 5th Block, Bengaluru - KSPCB","relativehumidity",39,"%","2026-03-01T13:45:00Z","2026-03-01T19:15:00+05:30","Asia/Kolkata",12.920984,77.584908,,,,"Karnataka State Pollution Control Board","CPCB"
6973,"Jayanagar 5th Block, Bengaluru - KSPCB","relativehumidity",40,"%","2026-03-01T14:00:00Z","2026-03-01T19:30:00+05:30","Asia/Kolkata",12.920984,77.584908,,,,"Karnataka State Pollution Control Board","CPCB"
6973,"Jayanagar 5th Block, Bengaluru - KSPCB","relativehumidity",40,"%","2026-03-01T14:15:00Z","2026-03-01T19:45:00+05:30","Asia/Kolkata",12.920984,77.584908,,,,"Karnataka State Pollution Control Board","CPCB"
6973,"Jayanagar 5th Block, Bengaluru - KSPCB","relativehumidity",40,"%","2026-03-01T14:30:00Z","2026-03-01T20:00:00+05:30","Asia/Kolkata",12.920984,77.584908,,,,"Karnataka State Pollution Control Board","CPCB"
6973,"Jayanagar 5th Block, Bengaluru - KSPCB","relativehumidity",40,"%","2026-03-01T14:45:00Z","2026-03-01T20:15:00+05:30","Asia/Kolkata",12.920984,77.584908,,,,"Karnataka State Pollution Control Board","CPCB"
6973,"Jayanagar 5th Block, Bengaluru - KSPCB","relativehumidity",41,"%","2026-03-01T15:00:00Z","2026-03-01T20:30:00+05:30","Asia/Kolkata",12.920984,77.584908,,,,"Karnataka State Pollution Control Board","CPCB"
6973,"Jayanagar 5th Block, Bengaluru - KSPCB","relativehumidity",42,"%","2026-03-01T15:15:00Z","2026-03-01T20:45:00+05:30","Asia/Kolkata",12.920984,77.584908,,,,"Karnataka State Pollution Control Board","CPCB"
6973,"Jayanagar 5th Block, Bengaluru - KSPCB","relativehumidity",42,"%","2026-03-01T15:30:00Z","2026-03-01T21:00:00+05:30","Asia/Kolkata",12.920984,77.584908,,,,"Karnataka State Pollution Control Board","CPCB"
6973,"Jayanagar 5th Block, Bengaluru - KSPCB","relativehumidity",43,"%","2026-03-01T15:45:00Z","2026-03-01T21:15:00+05:30","Asia/Kolkata",12.920984,77.584908,,,,"Karnataka State Pollution Control Board","CPCB"
6973,"Jayanagar 5th Block, Bengaluru - KSPCB","relativehumidity",43,"%","2026-03-01T16:00:00Z","2026-03-01T21:30:00+05:30","Asia/Kolkata",12.920984,77.584908,,,,"Karnataka State Pollution Control Board","CPCB"
6973,"Jayanagar 5th Block, Bengaluru - KSPCB","relativehumidity",44,"%","2026-03-01T16:15:00Z","2026-03-01T21:45:00+05:30","Asia/Kolkata",12.920984,77.584908,,,,"Karnataka State Pollution Control Board","CPCB"
6973,"Jayanagar 5th Block, Bengaluru - KSPCB","relativehumidity",45,"%","2026-03-01T16:30:00Z","2026-03-01T22:00:00+05:30","Asia/Kolkata",12.920984,77.584908,,,,"Karnataka State Pollution Control Board","CPCB"
6973,"Jayanagar 5th Block, Bengaluru - KSPCB","relativehumidity",45,"%","2026-03-01T16:45:00Z","2026-03-01T22:15:00+05:30","Asia/Kolkata",12.920984,77.584908,,,,"Karnataka State Pollution Control Board","CPCB"
6973,"Jayanagar 5th Block, Bengaluru - KSPCB","relativehumidity",46,"%","2026-03-01T17:00:00Z","2026-03-01T22:30:00+05:30","Asia/Kolkata",12.920984,77.584908,,,,"Karnataka State Pollution Control Board","CPCB"
6973,"Jayanagar 5th Block, Bengaluru - KSPCB","relativehumidity",47,"%","2026-03-01T17:15:00Z","2026-03-01T22:45:00+05:30","Asia/Kolkata",12.920984,77.584908,,,,"Karnataka State Pollution Control Board","CPCB"
6973,"Jayanagar 5th Block, Bengaluru - KSPCB","relativehumidity",48,"%","2026-03-01T17:30:00Z","2026-03-01T23:00:00+05:30","Asia/Kolkata",12.920984,77.584908,,,,"Karnataka State Pollution Control Board","CPCB"
6973,"Jayanagar 5th Block, Bengaluru - KSPCB","relativehumidity",49,"%","2026-03-01T17:45:00Z","2026-03-01T23:15:00+05:30","Asia/Kolkata",12.920984,77.584908,,,,"Karnataka State Pollution Control Board","CPCB"
6973,"Jayanagar 5th Block, Bengaluru - KSPCB","relativehumidity",50,"%","2026-03-01T18:00:00Z","2026-03-01T23:30:00+05:30","Asia/Kolkata",12.920984,77.584908,,,,"Karnataka State Pollution Control Board","CPCB"
6973,"Jayanagar 5th Block, Bengaluru - KSPCB","relativehumidity",51,"%","2026-03-01T18:15:00Z","2026-03-01T23:45:00+05:30","Asia/Kolkata",12.920984,77.584908,,,,"Karnataka State Pollution Control Board","CPCB"
6973,"Jayanagar 5th Block, Bengaluru - KSPCB","relativehumidity",56,"%","2026-03-01T20:30:00Z","2026-03-02T02:00:00+05:30","Asia/Kolkata",12.920984,77.584908,,,,"Karnataka State Pollution Control Board","CPCB"
6973,"Jayanagar 5th Block, Bengaluru - KSPCB","relativehumidity",57,"%","2026-03-01T20:45:00Z","2026-03-02T02:15:00+05:30","Asia/Kolkata",12.920984,77.584908,,,,"Karnataka State Pollution Control Board","CPCB"
6973,"Jayanagar 5th Block, Bengaluru - KSPCB","relativehumidity",57,"%","2026-03-01T21:00:00Z","2026-03-02T02:30:00+05:30","Asia/Kolkata",12.920984,77.584908,,,,"Karnataka State Pollution Control Board","CPCB"
6973,"Jayanagar 5th Block, Bengaluru - KSPCB","relativehumidity",58,"%","2026-03-01T21:15:00Z","2026-03-02T02:45:00+05:30","Asia/Kolkata",12.920984,77.584908,,,,"Karnataka State Pollution Control Board","CPCB"
6973,"Jayanagar 5th Block, Bengaluru - KSPCB","relativehumidity",57,"%","2026-03-01T21:30:00Z","2026-03-02T03:00:00+05:30","Asia/Kolkata",12.920984,77.584908,,,,"Karnataka State Pollution Control Board","CPCB"
6973,"Jayanagar 5th Block, Bengaluru - KSPCB","relativehumidity",58,"%","2026-03-01T21:45:00Z","2026-03-02T03:15:00+05:30","Asia/Kolkata",12.920984,77.584908,,,,"Karnataka State Pollution Control Board","CPCB"
6973,"Jayanagar 5th Block, Bengaluru - KSPCB","relativehumidity",58,"%","2026-03-01T22:00:00Z","2026-03-02T03:30:00+05:30","Asia/Kolkata",12.920984,77.584908,,,,"Karnataka State Pollution Control Board","CPCB"
6973,"Jayanagar 5th Block, Bengaluru - KSPCB","relativehumidity",58,"%","2026-03-01T22:15:00Z","2026-03-02T03:45:00+05:30","Asia/Kolkata",12.920984,77.584908,,,,"Karnataka State Pollution Control Board","CPCB"
6973,"Jayanagar 5th Block, Bengaluru - KSPCB","relativehumidity",57,"%","2026-03-01T22:30:00Z","2026-03-02T04:00:00+05:30","Asia/Kolkata",12.920984,77.584908,,,,"Karnataka State Pollution Control Board","CPCB"
6973,"Jayanagar 5th Block, Bengaluru - KSPCB","relativehumidity",56,"%","2026-03-01T22:45:00Z","2026-03-02T04:15:00+05:30","Asia/Kolkata",12.920984,77.584908,,,,"Karnataka State Pollution Control Board","CPCB"
6973,"Jayanagar 5th Block, Bengaluru - KSPCB","relativehumidity",55,"%","2026-03-01T23:00:00Z","2026-03-02T04:30:00+05:30","Asia/Kolkata",12.920984,77.584908,,,,"Karnataka State Pollution Control Board","CPCB"
6973,"Jayanagar 5th Block, Bengaluru - KSPCB","relativehumidity",56,"%","2026-03-01T23:15:00Z","2026-03-02T04:45:00+05:30","Asia/Kolkata",12.920984,77.584908,,,,"Karnataka State Pollution Control Board","CPCB"
6973,"Jayanagar 5th Block, Bengaluru - KSPCB","relativehumidity",57,"%","2026-03-01T23:30:00Z","2026-03-02T05:00:00+05:30","Asia/Kolkata",12.920984,77.584908,,,,"Karnataka State Pollution Control Board","CPCB"
6973,"Jayanagar 5th Block, Bengaluru - KSPCB","relativehumidity",57,"%","2026-03-01T23:45:00Z","2026-03-02T05:15:00+05:30","Asia/Kolkata",12.920984,77.584908,,,,"Karnataka State Pollution Control Board","CPCB"
6973,"Jayanagar 5th Block, Bengaluru - KSPCB","relativehumidity",57,"%","2026-03-02T00:00:00Z","2026-03-02T05:30:00+05:30","Asia/Kolkata",12.920984,77.584908,,,,"Karnataka State Pollution Control Board","CPCB"
6973,"Jayanagar 5th Block, Bengaluru - KSPCB","temperature",23.7,"c","2026-03-01T00:15:00Z","2026-03-01T05:45:00+05:30","Asia/Kolkata",12.920984,77.584908,,,,"Karnataka State Pollution Control Board","CPCB"
6973,"Jayanagar 5th Block, Bengaluru - KSPCB","temperature",23.7,"c","2026-03-01T00:30:00Z","2026-03-01T06:00:00+05:30","Asia/Kolkata",12.920984,77.584908,,,,"Karnataka State Pollution Control Board","CPCB"
6973,"Jayanagar 5th Block, Bengaluru - KSPCB","temperature",23.5,"c","2026-03-01T00:45:00Z","2026-03-01T06:15:00+05:30","Asia/Kolkata",12.920984,77.584908,,,,"Karnataka State Pollution Control Board","CPCB"
6973,"Jayanagar 5th Block, Bengaluru - KSPCB","temperature",23.4,"c","2026-03-01T01:00:00Z","2026-03-01T06:30:00+05:30","Asia/Kolkata",12.920984,77.584908,,,,"Karnataka State Pollution Control Board","CPCB"
6973,"Jayanagar 5th Block, Bengaluru - KSPCB","temperature",23.4,"c","2026-03-01T01:15:00Z","2026-03-01T06:45:00+05:30","Asia/Kolkata",12.920984,77.584908,,,,"Karnataka State Pollution Control Board","CPCB"
6973,"Jayanagar 5th Block, Bengaluru - KSPCB","temperature",23.5,"c","2026-03-01T01:30:00Z","2026-03-01T07:00:00+05:30","Asia/Kolkata",12.920984,77.584908,,,,"Karnataka State Pollution Control Board","CPCB"
6973,"Jayanagar 5th Block, Bengaluru - KSPCB","temperature",23.6,"c","2026-03-01T01:45:00Z","2026-03-01T07:15:00+05:30","Asia/Kolkata",12.920984,77.584908,,,,"Karnataka State Pollution Control Board","CPCB"
6973,"Jayanagar 5th Block, Bengaluru - KSPCB","temperature",23.9,"c","2026-03-01T02:00:00Z","2026-03-01T07:30:00+05:30","Asia/Kolkata",12.920984,77.584908,,,,"Karnataka State Pollution Control Board","CPCB"
6973,"Jayanagar 5th Block, Bengaluru - KSPCB","temperature",24.1,"c","2026-03-01T02:15:00Z","2026-03-01T07:45:00+05:30","Asia/Kolkata",12.920984,77.584908,,,,"Karnataka State Pollution Control Board","CPCB"
6973,"Jayanagar 5th Block, Bengaluru - KSPCB","temperature",24.2,"c","2026-03-01T02:30:00Z","2026-03-01T08:00:00+05:30","Asia/Kolkata",12.920984,77.584908,,,,"Karnataka State Pollution Control Board","CPCB"
6973,"Jayanagar 5th Block, Bengaluru - KSPCB","temperature",24.4,"c","2026-03-01T02:45:00Z","2026-03-01T08:15:00+05:30","Asia/Kolkata",12.920984,77.584908,,,,"Karnataka State Pollution Control Board","CPCB"
6973,"Jayanagar 5th Block, Bengaluru - KSPCB","temperature",24.6,"c","2026-03-01T03:00:00Z","2026-03-01T08:30:00+05:30","Asia/Kolkata",12.920984,77.584908,,,,"Karnataka State Pollution Control Board","CPCB"
6973,"Jayanagar 5th Block, Bengaluru - KSPCB","temperature",24.9,"c","2026-03-01T03:30:00Z","2026-03-01T09:00:00+05:30","Asia/Kolkata",12.920984,77.584908,,,,"Karnataka State Pollution Control Board","CPCB"
6973,"Jayanagar 5th Block, Bengaluru - KSPCB","temperature",25.1,"c","2026-03-01T03:45:00Z","2026-03-01T09:15:00+05:30","Asia/Kolkata",12.920984,77.584908,,,,"Karnataka State Pollution Control Board","CPCB"
6973,"Jayanagar 5th Block, Bengaluru - KSPCB","temperature",25.5,"c","2026-03-01T04:00:00Z","2026-03-01T09:30:00+05:30","Asia/Kolkata",12.920984,77.584908,,,,"Karnataka State Pollution Control Board","CPCB"
6973,"Jayanagar 5th Block, Bengaluru - KSPCB","temperature",25.5,"c","2026-03-01T04:15:00Z","2026-03-01T09:45:00+05:30","Asia/Kolkata",12.920984,77.584908,,,,"Karnataka State Pollution Control Board","CPCB"
6973,"Jayanagar 5th Block, Bengaluru - KSPCB","temperature",25.7,"c","2026-03-01T04:30:00Z","2026-03-01T10:00:00+05:30","Asia/Kolkata",12.920984,77.584908,,,,"Karnataka State Pollution Control Board","CPCB"
6973,"Jayanagar 5th Block, Bengaluru - KSPCB","temperature",26.2,"c","2026-03-01T04:45:00Z","2026-03-01T10:15:00+05:30","Asia/Kolkata",12.920984,77.584908,,,,"Karnataka State Pollution Control Board","CPCB"
6973,"Jayanagar 5th Block, Bengaluru - KSPCB","temperature",26.5,"c","2026-03-01T05:00:00Z","2026-03-01T10:30:00+05:30","Asia/Kolkata",12.920984,77.584908,,,,"Karnataka State Pollution Control Board","CPCB"
6973,"Jayanagar 5th Block, Bengaluru - KSPCB","temperature",26.6,"c","2026-03-01T05:15:00Z","2026-03-01T10:45:00+05:30","Asia/Kolkata",12.920984,77.584908,,,,"Karnataka State Pollution Control Board","CPCB"
6973,"Jayanagar 5th Block, Bengaluru - KSPCB","temperature",26.8,"c","2026-03-01T05:30:00Z","2026-03-01T11:00:00+05:30","Asia/Kolkata",12.920984,77.584908,,,,"Karnataka State Pollution Control Board","CPCB"
6973,"Jayanagar 5th Block, Bengaluru - KSPCB","temperature",27.1,"c","2026-03-01T05:45:00Z","2026-03-01T11:15:00+05:30","Asia/Kolkata",12.920984,77.584908,,,,"Karnataka State Pollution Control Board","CPCB"
6973,"Jayanagar 5th Block, Bengaluru - KSPCB","temperature",27.4,"c","2026-03-01T06:00:00Z","2026-03-01T11:30:00+05:30","Asia/Kolkata",12.920984,77.584908,,,,"Karnataka State Pollution Control Board","CPCB"
6973,"Jayanagar 5th Block, Bengaluru - KSPCB","temperature",27.7,"c","2026-03-01T06:15:00Z","2026-03-01T11:45:00+05:30","Asia/Kolkata",12.920984,77.584908,,,,"Karnataka State Pollution Control Board","CPCB"
6973,"Jayanagar 5th Block, Bengaluru - KSPCB","temperature",28,"c","2026-03-01T06:30:00Z","2026-03-01T12:00:00+05:30","Asia/Kolkata",12.920984,77.584908,,,,"Karnataka State Pollution Control Board","CPCB"
6973,"Jayanagar 5th Block, Bengaluru - KSPCB","temperature",27.7,"c","2026-03-01T06:45:00Z","2026-03-01T12:15:00+05:30","Asia/Kolkata",12.920984,77.584908,,,,"Karnataka State Pollution Control Board","CPCB"
6973,"Jayanagar 5th Block, Bengaluru - KSPCB","temperature",28.4,"c","2026-03-01T07:00:00Z","2026-03-01T12:30:00+05:30","Asia/Kolkata",12.920984,77.584908,,,,"Karnataka State Pollution Control Board","CPCB"
6973,"Jayanagar 5th Block, Bengaluru - KSPCB","temperature",28.8,"c","2026-03-01T07:15:00Z","2026-03-01T12:45:00+05:30","Asia/Kolkata",12.920984,77.584908,,,,"Karnataka State Pollution Control Board","CPCB"
6973,"Jayanagar 5th Block, Bengaluru - KSPCB","temperature",28.9,"c","2026-03-01T07:30:00Z","2026-03-01T13:00:00+05:30","Asia/Kolkata",12.920984,77.584908,,,,"Karnataka State Pollution Control Board","CPCB"
6973,"Jayanagar 5th Block, Bengaluru - KSPCB","temperature",29.1,"c","2026-03-01T07:45:00Z","2026-03-01T13:15:00+05:30","Asia/Kolkata",12.920984,77.584908,,,,"Karnataka State Pollution Control Board","CPCB"
6973,"Jayanagar 5th Block, Bengaluru - KSPCB","temperature",28.7,"c","2026-03-01T08:00:00Z","2026-03-01T13:30:00+05:30","Asia/Kolkata",12.920984,77.584908,,,,"Karnataka State Pollution Control Board","CPCB"
6973,"Jayanagar 5th Block, Bengaluru - KSPCB","temperature",28.6,"c","2026-03-01T08:15:00Z","2026-03-01T13:45:00+05:30","Asia/Kolkata",12.920984,77.584908,,,,"Karnataka State Pollution Control Board","CPCB"
6973,"Jayanagar 5th Block, Bengaluru - KSPCB","temperature",28.9,"c","2026-03-01T08:30:00Z","2026-03-01T14:00:00+05:30","Asia/Kolkata",12.920984,77.584908,,,,"Karnataka State Pollution Control Board","CPCB"
6973,"Jayanagar 5th Block, Bengaluru - KSPCB","temperature",29.5,"c","2026-03-01T08:45:00Z","2026-03-01T14:15:00+05:30","Asia/Kolkata",12.920984,77.584908,,,,"Karnataka State Pollution Control Board","CPCB"
6973,"Jayanagar 5th Block, Bengaluru - KSPCB","temperature",29.3,"c","2026-03-01T09:00:00Z","2026-03-01T14:30:00+05:30","Asia/Kolkata",12.920984,77.584908,,,,"Karnataka State Pollution Control Board","CPCB"
6973,"Jayanagar 5th Block, Bengaluru - KSPCB","temperature",29,"c","2026-03-01T09:30:00Z","2026-03-01T15:00:00+05:30","Asia/Kolkata",12.920984,77.584908,,,,"Karnataka State Pollution Control Board","CPCB"
6973,"Jayanagar 5th Block, Bengaluru - KSPCB","temperature",29.2,"c","2026-03-01T09:45:00Z","2026-03-01T15:15:00+05:30","Asia/Kolkata",12.920984,77.584908,,,,"Karnataka State Pollution Control Board","CPCB"
6973,"Jayanagar 5th Block, Bengaluru - KSPCB","temperature",28.9,"c","2026-03-01T10:00:00Z","2026-03-01T15:30:00+05:30","Asia/Kolkata",12.920984,77.584908,,,,"Karnataka State Pollution Control Board","CPCB"
6973,"Jayanagar 5th Block, Bengaluru - KSPCB","temperature",28.8,"c","2026-03-01T10:15:00Z","2026-03-01T15:45:00+05:30","Asia/Kolkata",12.920984,77.584908,,,,"Karnataka State Pollution Control Board","CPCB"
6973,"Jayanagar 5th Block, Bengaluru - KSPCB","temperature",29.1,"c","2026-03-01T10:30:00Z","2026-03-01T16:00:00+05:30","Asia/Kolkata",12.920984,77.584908,,,,"Karnataka State Pollution Control Board","CPCB"
6973,"Jayanagar 5th Block, Bengaluru - KSPCB","temperature",29.1,"c","2026-03-01T10:45:00Z","2026-03-01T16:15:00+05:30","Asia/Kolkata",12.920984,77.584908,,,,"Karnataka State Pollution Control Board","CPCB"
6973,"Jayanagar 5th Block, Bengaluru - KSPCB","temperature",29.3,"c","2026-03-01T11:00:00Z","2026-03-01T16:30:00+05:30","Asia/Kolkata",12.920984,77.584908,,,,"Karnataka State Pollution Control Board","CPCB"
6973,"Jayanagar 5th Block, Bengaluru - KSPCB","temperature",29.4,"c","2026-03-01T11:15:00Z","2026-03-01T16:45:00+05:30","Asia/Kolkata",12.920984,77.584908,,,,"Karnataka State Pollution Control Board","CPCB"
6973,"Jayanagar 5th Block, Bengaluru - KSPCB","temperature",28.4,"c","2026-03-01T11:45:00Z","2026-03-01T17:15:00+05:30","Asia/Kolkata",12.920984,77.584908,,,,"Karnataka State Pollution Control Board","CPCB"
6973,"Jayanagar 5th Block, Bengaluru - KSPCB","temperature",28.1,"c","2026-03-01T12:00:00Z","2026-03-01T17:30:00+05:30","Asia/Kolkata",12.920984,77.584908,,,,"Karnataka State Pollution Control Board","CPCB"
6973,"Jayanagar 5th Block, Bengaluru - KSPCB","temperature",28,"c","2026-03-01T12:15:00Z","2026-03-01T17:45:00+05:30","Asia/Kolkata",12.920984,77.584908,,,,"Karnataka State Pollution Control Board","CPCB"
6973,"Jayanagar 5th Block, Bengaluru - KSPCB","temperature",27.8,"c","2026-03-01T12:30:00Z","2026-03-01T18:00:00+05:30","Asia/Kolkata",12.920984,77.584908,,,,"Karnataka State Pollution Control Board","CPCB"
6973,"Jayanagar 5th Block, Bengaluru - KSPCB","temperature",27.5,"c","2026-03-01T12:45:00Z","2026-03-01T18:15:00+05:30","Asia/Kolkata",12.920984,77.584908,,,,"Karnataka State Pollution Control Board","CPCB"
6973,"Jayanagar 5th Block, Bengaluru - KSPCB","temperature",27.5,"c","2026-03-01T13:00:00Z","2026-03-01T18:30:00+05:30","Asia/Kolkata",12.920984,77.584908,,,,"Karnataka State Pollution Control Board","CPCB"
6973,"Jayanagar 5th Block, Bengaluru - KSPCB","temperature",27.4,"c","2026-03-01T13:15:00Z","2026-03-01T18:45:00+05:30","Asia/Kolkata",12.920984,77.584908,,,,"Karnataka State Pollution Control Board","CPCB"
6973,"Jayanagar 5th Block, Bengaluru - KSPCB","temperature",27.3,"c","2026-03-01T13:30:00Z","2026-03-01T19:00:00+05:30","Asia/Kolkata",12.920984,77.584908,,,,"Karnataka State Pollution Control Board","CPCB"
6973,"Jayanagar 5th Block, Bengaluru - KSPCB","temperature",27.2,"c","2026-03-01T13:45:00Z","2026-03-01T19:15:00+05:30","Asia/Kolkata",12.920984,77.584908,,,,"Karnataka State Pollution Control Board","CPCB"
6973,"Jayanagar 5th Block, Bengaluru - KSPCB","temperature",27,"c","2026-03-01T14:00:00Z","2026-03-01T19:30:00+05:30","Asia/Kolkata",12.920984,77.584908,,,,"Karnataka State Pollution Control Board","CPCB"
6973,"Jayanagar 5th Block, Bengaluru - KSPCB","temperature",26.9,"c","2026-03-01T14:15:00Z","2026-03-01T19:45:00+05:30","Asia/Kolkata",12.920984,77.584908,,,,"Karnataka State Pollution Control Board","CPCB"
6973,"Jayanagar 5th Block, Bengaluru - KSPCB","temperature",26.9,"c","2026-03-01T14:30:00Z","2026-03-01T20:00:00+05:30","Asia/Kolkata",12.920984,77.584908,,,,"Karnataka State Pollution Control Board","CPCB"
6973,"Jayanagar 5th Block, Bengaluru - KSPCB","temperature",26.7,"c","2026-03-01T14:45:00Z","2026-03-01T20:15:00+05:30","Asia/Kolkata",12.920984,77.584908,,,,"Karnataka State Pollution Control Board","CPCB"
6973,"Jayanagar 5th Block, Bengaluru - KSPCB","temperature",26.4,"c","2026-03-01T15:00:00Z","2026-03-01T20:30:00+05:30","Asia/Kolkata",12.920984,77.584908,,,,"Karnataka State Pollution Control Board","CPCB"
6973,"Jayanagar 5th Block, Bengaluru - KSPCB","temperature",26.2,"c","2026-03-01T15:15:00Z","2026-03-01T20:45:00+05:30","Asia/Kolkata",12.920984,77.584908,,,,"Karnataka State Pollution Control Board","CPCB"
6973,"Jayanagar 5th Block, Bengaluru - KSPCB","temperature",26,"c","2026-03-01T15:30:00Z","2026-03-01T21:00:00+05:30","Asia/Kolkata",12.920984,77.584908,,,,"Karnataka State Pollution Control Board","CPCB"
6973,"Jayanagar 5th Block, Bengaluru - KSPCB","temperature",25.9,"c","2026-03-01T15:45:00Z","2026-03-01T21:15:00+05:30","Asia/Kolkata",12.920984,77.584908,,,,"Karnataka State Pollution Control Board","CPCB"
6973,"Jayanagar 5th Block, Bengaluru - KSPCB","temperature",25.7,"c","2026-03-01T16:00:00Z","2026-03-01T21:30:00+05:30","Asia/Kolkata",12.920984,77.584908,,,,"Karnataka State Pollution Control Board","CPCB"
6973,"Jayanagar 5th Block, Bengaluru - KSPCB","temperature",25.6,"c","2026-03-01T16:15:00Z","2026-03-01T21:45:00+05:30","Asia/Kolkata",12.920984,77.584908,,,,"Karnataka State Pollution Control Board","CPCB"
6973,"Jayanagar 5th Block, Bengaluru - KSPCB","temperature",25.5,"c","2026-03-01T16:30:00Z","2026-03-01T22:00:00+05:30","Asia/Kolkata",12.920984,77.584908,,,,"Karnataka State Pollution Control Board","CPCB"
6973,"Jayanagar 5th Block, Bengaluru - KSPCB","temperature",25.3,"c","2026-03-01T16:45:00Z","2026-03-01T22:15:00+05:30","Asia/Kolkata",12.920984,77.584908,,,,"Karnataka State Pollution Control Board","CPCB"
6973,"Jayanagar 5th Block, Bengaluru - KSPCB","temperature",25.2,"c","2026-03-01T17:00:00Z","2026-03-01T22:30:00+05:30","Asia/Kolkata",12.920984,77.584908,,,,"Karnataka State Pollution Control Board","CPCB"
6973,"Jayanagar 5th Block, Bengaluru - KSPCB","temperature",25.2,"c","2026-03-01T17:15:00Z","2026-03-01T22:45:00+05:30","Asia/Kolkata",12.920984,77.584908,,,,"Karnataka State Pollution Control Board","CPCB"
6973,"Jayanagar 5th Block, Bengaluru - KSPCB","temperature",25.1,"c","2026-03-01T17:30:00Z","2026-03-01T23:00:00+05:30","Asia/Kolkata",12.920984,77.584908,,,,"Karnataka State Pollution Control Board","CPCB"
6973,"Jayanagar 5th Block, Bengaluru - KSPCB","temperature",25,"c","2026-03-01T17:45:00Z","2026-03-01T23:15:00+05:30","Asia/Kolkata",12.920984,77.584908,,,,"Karnataka State Pollution Control Board","CPCB"
6973,"Jayanagar 5th Block, Bengaluru - KSPCB","temperature",24.9,"c","2026-03-01T18:00:00Z","2026-03-01T23:30:00+05:30","Asia/Kolkata",12.920984,77.584908,,,,"Karnataka State Pollution Control Board","CPCB"
6973,"Jayanagar 5th Block, Bengaluru - KSPCB","temperature",24.8,"c","2026-03-01T18:15:00Z","2026-03-01T23:45:00+05:30","Asia/Kolkata",12.920984,77.584908,,,,"Karnataka State Pollution Control Board","CPCB"
6973,"Jayanagar 5th Block, Bengaluru - KSPCB","temperature",24.3,"c","2026-03-01T20:30:00Z","2026-03-02T02:00:00+05:30","Asia/Kolkata",12.920984,77.584908,,,,"Karnataka State Pollution Control Board","CPCB"
6973,"Jayanagar 5th Block, Bengaluru - KSPCB","temperature",24.2,"c","2026-03-01T20:45:00Z","2026-03-02T02:15:00+05:30","Asia/Kolkata",12.920984,77.584908,,,,"Karnataka State Pollution Control Board","CPCB"
6973,"Jayanagar 5th Block, Bengaluru - KSPCB","temperature",24.1,"c","2026-03-01T21:00:00Z","2026-03-02T02:30:00+05:30","Asia/Kolkata",12.920984,77.584908,,,,"Karnataka State Pollution Control Board","CPCB"
6973,"Jayanagar 5th Block, Bengaluru - KSPCB","temperature",24.1,"c","2026-03-01T21:15:00Z","2026-03-02T02:45:00+05:30","Asia/Kolkata",12.920984,77.584908,,,,"Karnataka State Pollution Control Board","CPCB"
6973,"Jayanagar 5th Block, Bengaluru - KSPCB","temperature",24.1,"c","2026-03-01T21:30:00Z","2026-03-02T03:00:00+05:30","Asia/Kolkata",12.920984,77.584908,,,,"Karnataka State Pollution Control Board","CPCB"
6973,"Jayanagar 5th Block, Bengaluru - KSPCB","temperature",24,"c","2026-03-01T21:45:00Z","2026-03-02T03:15:00+05:30","Asia/Kolkata",12.920984,77.584908,,,,"Karnataka State Pollution Control Board","CPCB"
6973,"Jayanagar 5th Block, Bengaluru - KSPCB","temperature",24,"c","2026-03-01T22:00:00Z","2026-03-02T03:30:00+05:30","Asia/Kolkata",12.920984,77.584908,,,,"Karnataka State Pollution Control Board","CPCB"
6973,"Jayanagar 5th Block, Bengaluru - KSPCB","temperature",24.1,"c","2026-03-01T22:15:00Z","2026-03-02T03:45:00+05:30","Asia/Kolkata",12.920984,77.584908,,,,"Karnataka State Pollution Control Board","CPCB"
6973,"Jayanagar 5th Block, Bengaluru - KSPCB","temperature",24.1,"c","2026-03-01T22:30:00Z","2026-03-02T04:00:00+05:30","Asia/Kolkata",12.920984,77.584908,,,,"Karnataka State Pollution Control Board","CPCB"
6973,"Jayanagar 5th Block, Bengaluru - KSPCB","temperature",24.2,"c","2026-03-01T22:45:00Z","2026-03-02T04:15:00+05:30","Asia/Kolkata",12.920984,77.584908,,,,"Karnataka State Pollution Control Board","CPCB"
6973,"Jayanagar 5th Block, Bengaluru - KSPCB","temperature",24.1,"c","2026-03-01T23:00:00Z","2026-03-02T04:30:00+05:30","Asia/Kolkata",12.920984,77.584908,,,,"Karnataka State Pollution Control Board","CPCB"
6973,"Jayanagar 5th Block, Bengaluru - KSPCB","temperature",24,"c","2026-03-01T23:15:00Z","2026-03-02T04:45:00+05:30","Asia/Kolkata",12.920984,77.584908,,,,"Karnataka State Pollution Control Board","CPCB"
6973,"Jayanagar 5th Block, Bengaluru - KSPCB","temperature",23.9,"c","2026-03-01T23:30:00Z","2026-03-02T05:00:00+05:30","Asia/Kolkata",12.920984,77.584908,,,,"Karnataka State Pollution Control Board","CPCB"
6973,"Jayanagar 5th Block, Bengaluru - KSPCB","temperature",23.9,"c","2026-03-01T23:45:00Z","2026-03-02T05:15:00+05:30","Asia/Kolkata",12.920984,77.584908,,,,"Karnataka State Pollution Control Board","CPCB"
6973,"Jayanagar 5th Block, Bengaluru - KSPCB","temperature",23.9,"c","2026-03-02T00:00:00Z","2026-03-02T05:30:00+05:30","Asia/Kolkata",12.920984,77.584908,,,,"Karnataka State Pollution Control Board","CPCB"
6973,"Jayanagar 5th Block, Bengaluru - KSPCB","wind_speed",0.4,"m/s","2026-03-01T00:15:00Z","2026-03-01T05:45:00+05:30","Asia/Kolkata",12.920984,77.584908,,,,"Karnataka State Pollution Control Board","CPCB"
6973,"Jayanagar 5th Block, Bengaluru - KSPCB","wind_speed",0.4,"m/s","2026-03-01T00:30:00Z","2026-03-01T06:00:00+05:30","Asia/Kolkata",12.920984,77.584908,,,,"Karnataka State Pollution Control Board","CPCB"
6973,"Jayanagar 5th Block, Bengaluru - KSPCB","wind_speed",0.2,"m/s","2026-03-01T00:45:00Z","2026-03-01T06:15:00+05:30","Asia/Kolkata",12.920984,77.584908,,,,"Karnataka State Pollution Control Board","CPCB"
6973,"Jayanagar 5th Block, Bengaluru - KSPCB","wind_speed",0.2,"m/s","2026-03-01T01:00:00Z","2026-03-01T06:30:00+05:30","Asia/Kolkata",12.920984,77.584908,,,,"Karnataka State Pollution Control Board","CPCB"
6973,"Jayanagar 5th Block, Bengaluru - KSPCB","wind_speed",0.2,"m/s","2026-03-01T01:15:00Z","2026-03-01T06:45:00+05:30","Asia/Kolkata",12.920984,77.584908,,,,"Karnataka State Pollution Control Board","CPCB"
6973,"Jayanagar 5th Block, Bengaluru - KSPCB","wind_speed",0.2,"m/s","2026-03-01T01:30:00Z","2026-03-01T07:00:00+05:30","Asia/Kolkata",12.920984,77.584908,,,,"Karnataka State Pollution Control Board","CPCB"
6973,"Jayanagar 5th Block, Bengaluru - KSPCB","wind_speed",0.3,"m/s","2026-03-01T01:45:00Z","2026-03-01T07:15:00+05:30","Asia/Kolkata",12.920984,77.584908,,,,"Karnataka State Pollution Control Board","CPCB"
6973,"Jayanagar 5th Block, Bengaluru - KSPCB","wind_speed",0.3,"m/s","2026-03-01T02:00:00Z","2026-03-01T07:30:00+05:30","Asia/Kolkata",12.920984,77.584908,,,,"Karnataka State Pollution Control Board","CPCB"
6973,"Jayanagar 5th Block, Bengaluru - KSPCB","wind_speed",0.4,"m/s","2026-03-01T02:15:00Z","2026-03-01T07:45:00+05:30","Asia/Kolkata",12.920984,77.584908,,,,"Karnataka State Pollution Control Board","CPCB"
6973,"Jayanagar 5th Block, Bengaluru - KSPCB","wind_speed",0.6,"m/s","2026-03-01T02:30:00Z","2026-03-01T08:00:00+05:30","Asia/Kolkata",12.920984,77.584908,,,,"Karnataka State Pollution Control Board","CPCB"
6973,"Jayanagar 5th Block, Bengaluru - KSPCB","wind_speed",0.6,"m/s","2026-03-01T02:45:00Z","2026-03-01T08:15:00+05:30","Asia/Kolkata",12.920984,77.584908,,,,"Karnataka State Pollution Control Board","CPCB"
6973,"Jayanagar 5th Block, Bengaluru - KSPCB","wind_speed",0.9,"m/s","2026-03-01T03:00:00Z","2026-03-01T08:30:00+05:30","Asia/Kolkata",12.920984,77.584908,,,,"Karnataka State Pollution Control Board","CPCB"
6973,"Jayanagar 5th Block, Bengaluru - KSPCB","wind_speed",1.3,"m/s","2026-03-01T03:30:00Z","2026-03-01T09:00:00+05:30","Asia/Kolkata",12.920984,77.584908,,,,"Karnataka State Pollution Control Board","CPCB"
6973,"Jayanagar 5th Block, Bengaluru - KSPCB","wind_speed",0.8,"m/s","2026-03-01T03:45:00Z","2026-03-01T09:15:00+05:30","Asia/Kolkata",12.920984,77.584908,,,,"Karnataka State Pollution Control Board","CPCB"
6973,"Jayanagar 5th Block, Bengaluru - KSPCB","wind_speed",1,"m/s","2026-03-01T04:00:00Z","2026-03-01T09:30:00+05:30","Asia/Kolkata",12.920984,77.584908,,,,"Karnataka State Pollution Control Board","CPCB"
6973,"Jayanagar 5th Block, Bengaluru - KSPCB","wind_speed",1.2,"m/s","2026-03-01T04:15:00Z","2026-03-01T09:45:00+05:30","Asia/Kolkata",12.920984,77.584908,,,,"Karnataka State Pollution Control Board","CPCB"
6973,"Jayanagar 5th Block, Bengaluru - KSPCB","wind_speed",1,"m/s","2026-03-01T04:30:00Z","2026-03-01T10:00:00+05:30","Asia/Kolkata",12.920984,77.584908,,,,"Karnataka State Pollution Control Board","CPCB"
6973,"Jayanagar 5th Block, Bengaluru - KSPCB","wind_speed",0.7,"m/s","2026-03-01T04:45:00Z","2026-03-01T10:15:00+05:30","Asia/Kolkata",12.920984,77.584908,,,,"Karnataka State Pollution Control Board","CPCB"
6973,"Jayanagar 5th Block, Bengaluru - KSPCB","wind_speed",0.8,"m/s","2026-03-01T05:00:00Z","2026-03-01T10:30:00+05:30","Asia/Kolkata",12.920984,77.584908,,,,"Karnataka State Pollution Control Board","CPCB"
6973,"Jayanagar 5th Block, Bengaluru - KSPCB","wind_speed",0.9,"m/s","2026-03-01T05:15:00Z","2026-03-01T10:45:00+05:30","Asia/Kolkata",12.920984,77.584908,,,,"Karnataka State Pollution Control Board","CPCB"
6973,"Jayanagar 5th Block, Bengaluru - KSPCB","wind_speed",1,"m/s","2026-03-01T05:30:00Z","2026-03-01T11:00:00+05:30","Asia/Kolkata",12.920984,77.584908,,,,"Karnataka State Pollution Control Board","CPCB"
6973,"Jayanagar 5th Block, Bengaluru - KSPCB","wind_speed",1,"m/s","2026-03-01T05:45:00Z","2026-03-01T11:15:00+05:30","Asia/Kolkata",12.920984,77.584908,,,,"Karnataka State Pollution Control Board","CPCB"
6973,"Jayanagar 5th Block, Bengaluru - KSPCB","wind_speed",1.1,"m/s","2026-03-01T06:00:00Z","2026-03-01T11:30:00+05:30","Asia/Kolkata",12.920984,77.584908,,,,"Karnataka State Pollution Control Board","CPCB"
6973,"Jayanagar 5th Block, Bengaluru - KSPCB","wind_speed",0.8,"m/s","2026-03-01T06:15:00Z","2026-03-01T11:45:00+05:30","Asia/Kolkata",12.920984,77.584908,,,,"Karnataka State Pollution Control Board","CPCB"
6973,"Jayanagar 5th Block, Bengaluru - KSPCB","wind_speed",1.1,"m/s","2026-03-01T06:30:00Z","2026-03-01T12:00:00+05:30","Asia/Kolkata",12.920984,77.584908,,,,"Karnataka State Pollution Control Board","CPCB"
6973,"Jayanagar 5th Block, Bengaluru - KSPCB","wind_speed",1.8,"m/s","2026-03-01T06:45:00Z","2026-03-01T12:15:00+05:30","Asia/Kolkata",12.920984,77.584908,,,,"Karnataka State Pollution Control Board","CPCB"
6973,"Jayanagar 5th Block, Bengaluru - KSPCB","wind_speed",1,"m/s","2026-03-01T07:00:00Z","2026-03-01T12:30:00+05:30","Asia/Kolkata",12.920984,77.584908,,,,"Karnataka State Pollution Control Board","CPCB"
6973,"Jayanagar 5th Block, Bengaluru - KSPCB","wind_speed",0.8,"m/s","2026-03-01T07:15:00Z","2026-03-01T12:45:00+05:30","Asia/Kolkata",12.920984,77.584908,,,,"Karnataka State Pollution Control Board","CPCB"
6973,"Jayanagar 5th Block, Bengaluru - KSPCB","wind_speed",0.8,"m/s","2026-03-01T07:30:00Z","2026-03-01T13:00:00+05:30","Asia/Kolkata",12.920984,77.584908,,,,"Karnataka State Pollution Control Board","CPCB"
6973,"Jayanagar 5th Block, Bengaluru - KSPCB","wind_speed",0.8,"m/s","2026-03-01T07:45:00Z","2026-03-01T13:15:00+05:30","Asia/Kolkata",12.920984,77.584908,,,,"Karnataka State Pollution Control Board","CPCB"
6973,"Jayanagar 5th Block, Bengaluru - KSPCB","wind_speed",0.8,"m/s","2026-03-01T08:00:00Z","2026-03-01T13:30:00+05:30","Asia/Kolkata",12.920984,77.584908,,,,"Karnataka State Pollution Control Board","CPCB"
6973,"Jayanagar 5th Block, Bengaluru - KSPCB","wind_speed",0.7,"m/s","2026-03-01T08:15:00Z","2026-03-01T13:45:00+05:30","Asia/Kolkata",12.920984,77.584908,,,,"Karnataka State Pollution Control Board","CPCB"
6973,"Jayanagar 5th Block, Bengaluru - KSPCB","wind_speed",1,"m/s","2026-03-01T08:30:00Z","2026-03-01T14:00:00+05:30","Asia/Kolkata",12.920984,77.584908,,,,"Karnataka State Pollution Control Board","CPCB"
6973,"Jayanagar 5th Block, Bengaluru - KSPCB","wind_speed",0.7,"m/s","2026-03-01T08:45:00Z","2026-03-01T14:15:00+05:30","Asia/Kolkata",12.920984,77.584908,,,,"Karnataka State Pollution Control Board","CPCB"
6973,"Jayanagar 5th Block, Bengaluru - KSPCB","wind_speed",0.8,"m/s","2026-03-01T09:00:00Z","2026-03-01T14:30:00+05:30","Asia/Kolkata",12.920984,77.584908,,,,"Karnataka State Pollution Control Board","CPCB"
6973,"Jayanagar 5th Block, Bengaluru - KSPCB","wind_speed",0.8,"m/s","2026-03-01T09:30:00Z","2026-03-01T15:00:00+05:30","Asia/Kolkata",12.920984,77.584908,,,,"Karnataka State Pollution Control Board","CPCB"
6973,"Jayanagar 5th Block, Bengaluru - KSPCB","wind_speed",0.8,"m/s","2026-03-01T09:45:00Z","2026-03-01T15:15:00+05:30","Asia/Kolkata",12.920984,77.584908,,,,"Karnataka State Pollution Control Board","CPCB"
6973,"Jayanagar 5th Block, Bengaluru - KSPCB","wind_speed",0.7,"m/s","2026-03-01T10:00:00Z","2026-03-01T15:30:00+05:30","Asia/Kolkata",12.920984,77.584908,,,,"Karnataka State Pollution Control Board","CPCB"
6973,"Jayanagar 5th Block, Bengaluru - KSPCB","wind_speed",0.6,"m/s","2026-03-01T10:15:00Z","2026-03-01T15:45:00+05:30","Asia/Kolkata",12.920984,77.584908,,,,"Karnataka State Pollution Control Board","CPCB"
6973,"Jayanagar 5th Block, Bengaluru - KSPCB","wind_speed",0.9,"m/s","2026-03-01T10:30:00Z","2026-03-01T16:00:00+05:30","Asia/Kolkata",12.920984,77.584908,,,,"Karnataka State Pollution Control Board","CPCB"
6973,"Jayanagar 5th Block, Bengaluru - KSPCB","wind_speed",0.9,"m/s","2026-03-01T10:45:00Z","2026-03-01T16:15:00+05:30","Asia/Kolkata",12.920984,77.584908,,,,"Karnataka State Pollution Control Board","CPCB"
6973,"Jayanagar 5th Block, Bengaluru - KSPCB","wind_speed",0.5,"m/s","2026-03-01T11:00:00Z","2026-03-01T16:30:00+05:30","Asia/Kolkata",12.920984,77.584908,,,,"Karnataka State Pollution Control Board","CPCB"
6973,"Jayanagar 5th Block, Bengaluru - KSPCB","wind_speed",0.3,"m/s","2026-03-01T11:15:00Z","2026-03-01T16:45:00+05:30","Asia/Kolkata",12.920984,77.584908,,,,"Karnataka State Pollution Control Board","CPCB"
6973,"Jayanagar 5th Block, Bengaluru - KSPCB","wind_speed",0.2,"m/s","2026-03-01T11:45:00Z","2026-03-01T17:15:00+05:30","Asia/Kolkata",12.920984,77.584908,,,,"Karnataka State Pollution Control Board","CPCB"
6973,"Jayanagar 5th Block, Bengaluru - KSPCB","wind_speed",0.2,"m/s","2026-03-01T12:00:00Z","2026-03-01T17:30:00+05:30","Asia/Kolkata",12.920984,77.584908,,,,"Karnataka State Pollution Control Board","CPCB"
6973,"Jayanagar 5th Block, Bengaluru - KSPCB","wind_speed",0.4,"m/s","2026-03-01T12:15:00Z","2026-03-01T17:45:00+05:30","Asia/Kolkata",12.920984,77.584908,,,,"Karnataka State Pollution Control Board","CPCB"
6973,"Jayanagar 5th Block, Bengaluru - KSPCB","wind_speed",0.4,"m/s","2026-03-01T12:30:00Z","2026-03-01T18:00:00+05:30","Asia/Kolkata",12.920984,77.584908,,,,"Karnataka State Pollution Control Board","CPCB"
6973,"Jayanagar 5th Block, Bengaluru - KSPCB","wind_speed",0.3,"m/s","2026-03-01T12:45:00Z","2026-03-01T18:15:00+05:30","Asia/Kolkata",12.920984,77.584908,,,,"Karnataka State Pollution Control Board","CPCB"
6973,"Jayanagar 5th Block, Bengaluru - KSPCB","wind_speed",0.5,"m/s","2026-03-01T13:00:00Z","2026-03-01T18:30:00+05:30","Asia/Kolkata",12.920984,77.584908,,,,"Karnataka State Pollution Control Board","CPCB"
6973,"Jayanagar 5th Block, Bengaluru - KSPCB","wind_speed",0.7,"m/s","2026-03-01T13:15:00Z","2026-03-01T18:45:00+05:30","Asia/Kolkata",12.920984,77.584908,,,,"Karnataka State Pollution Control Board","CPCB"
6973,"Jayanagar 5th Block, Bengaluru - KSPCB","wind_speed",0.7,"m/s","2026-03-01T13:30:00Z","2026-03-01T19:00:00+05:30","Asia/Kolkata",12.920984,77.584908,,,,"Karnataka State Pollution Control Board","CPCB"
6973,"Jayanagar 5th Block, Bengaluru - KSPCB","wind_speed",0.5,"m/s","2026-03-01T13:45:00Z","2026-03-01T19:15:00+05:30","Asia/Kolkata",12.920984,77.584908,,,,"Karnataka State Pollution Control Board","CPCB"
6973,"Jayanagar 5th Block, Bengaluru - KSPCB","wind_speed",0.3,"m/s","2026-03-01T14:00:00Z","2026-03-01T19:30:00+05:30","Asia/Kolkata",12.920984,77.584908,,,,"Karnataka State Pollution Control Board","CPCB"
6973,"Jayanagar 5th Block, Bengaluru - KSPCB","wind_speed",0.3,"m/s","2026-03-01T14:15:00Z","2026-03-01T19:45:00+05:30","Asia/Kolkata",12.920984,77.584908,,,,"Karnataka State Pollution Control Board","CPCB"
6973,"Jayanagar 5th Block, Bengaluru - KSPCB","wind_speed",0.6,"m/s","2026-03-01T14:30:00Z","2026-03-01T20:00:00+05:30","Asia/Kolkata",12.920984,77.584908,,,,"Karnataka State Pollution Control Board","CPCB"
6973,"Jayanagar 5th Block, Bengaluru - KSPCB","wind_speed",0.8,"m/s","2026-03-01T14:45:00Z","2026-03-01T20:15:00+05:30","Asia/Kolkata",12.920984,77.584908,,,,"Karnataka State Pollution Control Board","CPCB"
6973,"Jayanagar 5th Block, Bengaluru - KSPCB","wind_speed",1.1,"m/s","2026-03-01T15:00:00Z","2026-03-01T20:30:00+05:30","Asia/Kolkata",12.920984,77.584908,,,,"Karnataka State Pollution Control Board","CPCB"
6973,"Jayanagar 5th Block, Bengaluru - KSPCB","wind_speed",1,"m/s","2026-03-01T15:15:00Z","2026-03-01T20:45:00+05:30","Asia/Kolkata",12.920984,77.584908,,,,"Karnataka State Pollution Control Board","CPCB"
6973,"Jayanagar 5th Block, Bengaluru - KSPCB","wind_speed",1.1,"m/s","2026-03-01T15:30:00Z","2026-03-01T21:00:00+05:30","Asia/Kolkata",12.920984,77.584908,,,,"Karnataka State Pollution Control Board","CPCB"
6973,"Jayanagar 5th Block, Bengaluru - KSPCB","wind_speed",1.1,"m/s","2026-03-01T15:45:00Z","2026-03-01T21:15:00+05:30","Asia/Kolkata",12.920984,77.584908,,,,"Karnataka State Pollution Control Board","CPCB"
6973,"Jayanagar 5th Block, Bengaluru - KSPCB","wind_speed",1,"m/s","2026-03-01T16:00:00Z","2026-03-01T21:30:00+05:30","Asia/Kolkata",12.920984,77.584908,,,,"Karnataka State Pollution Control Board","CPCB"
6973,"Jayanagar 5th Block, Bengaluru - KSPCB","wind_speed",0.8,"m/s","2026-03-01T16:15:00Z","2026-03-01T21:45:00+05:30","Asia/Kolkata",12.920984,77.584908,,,,"Karnataka State Pollution Control Board","CPCB"
6973,"Jayanagar 5th Block, Bengaluru - KSPCB","wind_speed",0.6,"m/s","2026-03-01T16:30:00Z","2026-03-01T22:00:00+05:30","Asia/Kolkata",12.920984,77.584908,,,,"Karnataka State Pollution Control Board","CPCB"
6973,"Jayanagar 5th Block, Bengaluru - KSPCB","wind_speed",0.9,"m/s","2026-03-01T16:45:00Z","2026-03-01T22:15:00+05:30","Asia/Kolkata",12.920984,77.584908,,,,"Karnataka State Pollution Control Board","CPCB"
6973,"Jayanagar 5th Block, Bengaluru - KSPCB","wind_speed",0.7,"m/s","2026-03-01T17:00:00Z","2026-03-01T22:30:00+05:30","Asia/Kolkata",12.920984,77.584908,,,,"Karnataka State Pollution Control Board","CPCB"
6973,"Jayanagar 5th Block, Bengaluru - KSPCB","wind_speed",0.9,"m/s","2026-03-01T17:15:00Z","2026-03-01T22:45:00+05:30","Asia/Kolkata",12.920984,77.584908,,,,"Karnataka State Pollution Control Board","CPCB"
6973,"Jayanagar 5th Block, Bengaluru - KSPCB","wind_speed",0.8,"m/s","2026-03-01T17:30:00Z","2026-03-01T23:00:00+05:30","Asia/Kolkata",12.920984,77.584908,,,,"Karnataka State Pollution Control Board","CPCB"
6973,"Jayanagar 5th Block, Bengaluru - KSPCB","wind_speed",0.8,"m/s","2026-03-01T17:45:00Z","2026-03-01T23:15:00+05:30","Asia/Kolkata",12.920984,77.584908,,,,"Karnataka State Pollution Control Board","CPCB"
6973,"Jayanagar 5th Block, Bengaluru - KSPCB","wind_speed",0.8,"m/s","2026-03-01T18:00:00Z","2026-03-01T23:30:00+05:30","Asia/Kolkata",12.920984,77.584908,,,,"Karnataka State Pollution Control Board","CPCB"
6973,"Jayanagar 5th Block, Bengaluru - KSPCB","wind_speed",0.6,"m/s","2026-03-01T18:15:00Z","2026-03-01T23:45:00+05:30","Asia/Kolkata",12.920984,77.584908,,,,"Karnataka State Pollution Control Board","CPCB"
6973,"Jayanagar 5th Block, Bengaluru - KSPCB","wind_speed",0.4,"m/s","2026-03-01T20:30:00Z","2026-03-02T02:00:00+05:30","Asia/Kolkata",12.920984,77.584908,,,,"Karnataka State Pollution Control Board","CPCB"
6973,"Jayanagar 5th Block, Bengaluru - KSPCB","wind_speed",0.6,"m/s","2026-03-01T20:45:00Z","2026-03-02T02:15:00+05:30","Asia/Kolkata",12.920984,77.584908,,,,"Karnataka State Pollution Control Board","CPCB"
6973,"Jayanagar 5th Block, Bengaluru - KSPCB","wind_speed",0.6,"m/s","2026-03-01T21:00:00Z","2026-03-02T02:30:00+05:30","Asia/Kolkata",12.920984,77.584908,,,,"Karnataka State Pollution Control Board","CPCB"
6973,"Jayanagar 5th Block, Bengaluru - KSPCB","wind_speed",0.6,"m/s","2026-03-01T21:15:00Z","2026-03-02T02:45:00+05:30","Asia/Kolkata",12.920984,77.584908,,,,"Karnataka State Pollution Control Board","CPCB"
6973,"Jayanagar 5th Block, Bengaluru - KSPCB","wind_speed",0.6,"m/s","2026-03-01T21:30:00Z","2026-03-02T03:00:00+05:30","Asia/Kolkata",12.920984,77.584908,,,,"Karnataka State Pollution Control Board","CPCB"
6973,"Jayanagar 5th Block, Bengaluru - KSPCB","wind_speed",0.4,"m/s","2026-03-01T21:45:00Z","2026-03-02T03:15:00+05:30","Asia/Kolkata",12.920984,77.584908,,,,"Karnataka State Pollution Control Board","CPCB"
6973,"Jayanagar 5th Block, Bengaluru - KSPCB","wind_speed",0.3,"m/s","2026-03-01T22:00:00Z","2026-03-02T03:30:00+05:30","Asia/Kolkata",12.920984,77.584908,,,,"Karnataka State Pollution Control Board","CPCB"
6973,"Jayanagar 5th Block, Bengaluru - KSPCB","wind_speed",0.4,"m/s","2026-03-01T22:15:00Z","2026-03-02T03:45:00+05:30","Asia/Kolkata",12.920984,77.584908,,,,"Karnataka State Pollution Control Board","CPCB"
6973,"Jayanagar 5th Block, Bengaluru - KSPCB","wind_speed",0.8,"m/s","2026-03-01T22:30:00Z","2026-03-02T04:00:00+05:30","Asia/Kolkata",12.920984,77.584908,,,,"Karnataka State Pollution Control Board","CPCB"
6973,"Jayanagar 5th Block, Bengaluru - KSPCB","wind_speed",1.1,"m/s","2026-03-01T22:45:00Z","2026-03-02T04:15:00+05:30","Asia/Kolkata",12.920984,77.584908,,,,"Karnataka State Pollution Control Board","CPCB"
6973,"Jayanagar 5th Block, Bengaluru - KSPCB","wind_speed",1.2,"m/s","2026-03-01T23:00:00Z","2026-03-02T04:30:00+05:30","Asia/Kolkata",12.920984,77.584908,,,,"Karnataka State Pollution Control Board","CPCB"
6973,"Jayanagar 5th Block, Bengaluru - KSPCB","wind_speed",0.6,"m/s","2026-03-01T23:15:00Z","2026-03-02T04:45:00+05:30","Asia/Kolkata",12.920984,77.584908,,,,"Karnataka State Pollution Control Board","CPCB"
6973,"Jayanagar 5th Block, Bengaluru - KSPCB","wind_speed",0.5,"m/s","2026-03-01T23:30:00Z","2026-03-02T05:00:00+05:30","Asia/Kolkata",12.920984,77.584908,,,,"Karnataka State Pollution Control Board","CPCB"
6973,"Jayanagar 5th Block, Bengaluru - KSPCB","wind_speed",0.8,"m/s","2026-03-01T23:45:00Z","2026-03-02T05:15:00+05:30","Asia/Kolkata",12.920984,77.584908,,,,"Karnataka State Pollution Control Board","CPCB"
6973,"Jayanagar 5th Block, Bengaluru - KSPCB","wind_speed",0.9,"m/s","2026-03-02T00:00:00Z","2026-03-02T05:30:00+05:30","Asia/Kolkata",12.920984,77.584908,,,,"Karnataka State Pollution Control Board","CPCB"